winner,starter,total_turns,win_direction,ab_pruning,t_tables,depth_m,turn_times_m,average_turn_time_m,turn_nodes_m,average_turn_nodes_m,depth_n,turn_times_n,average_turn_time_n,turn_nodes_n,average_turn_nodes_n

Minimax,Negamax,4,horizontal,True,True,1,"[0.008, 0.01]",0.01,"[37, 55]",46.0,1,"[0.0045, 0.008]",0.01,"[19, 37]",28.0

Negamax,Negamax,13,vertical,True,True,2,"[0.0551, 0.174, 0.214, 0.202, 0.213, 0.3155]",0.2,"[344, 958, 1247, 1183, 1247, 1797]",1129.33,2,"[0.058, 0.072, 0.1475, 0.176, 0.17, 0.294, 0.134]",0.15,"[324, 406, 833, 961, 923, 1644, 827]",845.43

Negamax,Negamax,14,lru,True,True,3,"[0.867, 1.6039, 2.6696, 2.1497, 2.2004, 1.6891, 0.5904]",1.68,"[4980, 8711, 14887, 12419, 13151, 10358, 3718]",9746.29,3,"[0.444, 1.1619, 1.6679, 2.1201, 1.8123, 1.845, 0.8609]",1.42,"[2512, 6616, 9303, 12164, 11131, 11380, 6045]",8450.14

Negamax,Negamax,11,lrd,True,True,4,"[16.2152, 21.0223, 45.6018, 33.4769, 28.1962]",28.9,"[96305, 123835, 266813, 198652, 173958]",171912.6,4,"[2.3634, 6.2902, 10.3434, 23.7526, 7.7475, 7.574]",9.68,"[13418, 34587, 57663, 134938, 46306, 45333]",55374.17

Negamax,Minimax,8,vertical,True,True,5,"[14.1077, 38.6445, 87.3826, 89.3913]",57.38,"[66101, 178474, 440348, 478784]",290926.75,5,"[13.556, 45.61, 57.2313, 55.8697]",43.07,"[72818, 249148, 322165, 335836]",244991.75

Minimax,Negamax,4,horizontal,True,True,1,"[0.008, 0.011]",0.01,"[37, 55]",46.0,1,"[0.006, 0.008]",0.01,"[19, 37]",28.0
Minimax,Negamax,12,vertical,True,True,2,"[0.159, 0.224, 0.399, 0.308, 0.304, 0.197]",0.27,"[900, 1298, 2254, 1710, 1699, 1175]",1506.0,2,"[0.067, 0.162, 0.23, 0.169, 0.262, 0.148]",0.17,"[384, 909, 1296, 963, 1458, 836]",974.33
Negamax,Negamax,13,lrd,True,True,3,"[0.9881, 1.2229, 2.1297, 1.9058, 3.2614, 2.5723]",2.01,"[5614, 6878, 11873, 11025, 17858, 14500]",11291.33,3,"[0.5137, 0.8581, 1.3985, 1.5462, 2.2264, 2.3298, 1.323]",1.46,"[3012, 4921, 7879, 8839, 12617, 13405, 8274]",8421.0
Negamax,Minimax,10,vertical,True,True,4,"[10.732, 25.1113, 43.1201, 39.1938, 23.5633]",28.34,"[62331, 145829, 251696, 232193, 144918]",167393.4,4,"[6.1123, 11.6088, 9.9655, 10.4675, 6.6891]",8.97,"[33721, 65284, 55154, 59531, 41272]",50992.4
Minimax,Negamax,14,lru,True,True,5,"[12.7336, 48.0012, 50.3226, 46.9799, 69.3969, 52.1755, 14.6361]",42.04,"[62220, 208661, 239896, 225442, 369906, 296914, 98891]",214561.43,5,"[12.2437, 15.2268, 40.7232, 38.2392, 38.812, 54.6511, 30.5753]",32.92,"[70099, 80809, 222452, 215539, 217778, 332087, 197440]",190886.29
Minimax,Negamax,6,vertical,True,True,1,"[0.008, 0.008, 0.012]",0.01,"[37, 37, 55]",43.0,1,"[0.009, 0.009, 0.012]",0.01,"[37, 37, 55]",43.0
Minimax,Negamax,12,lrd,True,True,2,"[0.1265, 0.131, 0.176, 0.148, 0.33, 0.1845]",0.18,"[720, 745, 992, 828, 1862, 1186]",1055.5,2,"[0.059, 0.113, 0.163, 0.091, 0.158, 0.141]",0.12,"[323, 634, 913, 538, 870, 802]",680.0
Minimax,Negamax,12,horizontal,True,True,3,"[0.579, 1.4628, 1.9163, 2.8291, 1.433, 1.0185]",1.54,"[3236, 8113, 10716, 16456, 8674, 6655]",8975.0,3,"[0.4353, 0.976, 1.966, 1.9968, 4.6239, 3.1768]",2.2,"[2418, 5471, 11011, 11596, 26389, 18363]",12541.33
Minimax,Minimax,11,vertical,True,True,4,"[7.5191, 21.3825, 26.3805, 53.841, 29.6015, 16.3629]",25.85,"[44798, 124065, 152345, 314172, 178030, 99031]",152073.5,4,"[5.1514, 7.2496, 15.0123, 12.8368, 12.2457]",10.5,"[29636, 41030, 86615, 75059, 72987]",61065.4
Negamax,Negamax,13,horizontal,True,True,5,"[31.4041, 44.2473, 57.9592, 84.8757, 65.5771, 42.4043]",54.41,"[146585, 215956, 300736, 456040, 365139, 237440]",286982.67,5,"[11.7256, 24.791, 67.9924, 56.1272, 56.3015, 29.5678, 8.348]",36.41,"[66505, 135734, 381384, 332022, 334307, 177649, 51221]",211260.29
Minimax,Minimax,7,vertical,True,True,1,"[0.004, 0.005, 0.011, 0.011]",0.01,"[19, 19, 55, 55]",37.0,1,"[0.004, 0.009, 0.012]",0.01,"[19, 37, 55]",37.0
Minimax,Minimax,13,lrd,True,True,2,"[0.212, 0.212, 0.2877, 0.125, 0.223, 0.335, 0.196]",0.23,"[1208, 1194, 1543, 723, 1265, 1912, 1156]",1285.86,2,"[0.155, 0.138, 0.146, 0.139, 0.276, 0.191]",0.17,"[879, 770, 804, 773, 1517, 1082]",970.83
Minimax,Minimax,15,lru,True,True,3,"[0.5668, 0.7066, 1.2705, 2.1438, 1.923, 1.6184, 1.8303, 0.8654]",1.37,"[3339, 3997, 7124, 12457, 10774, 9847, 11486, 5682]",8088.25,3,"[0.498, 1.3342, 1.4704, 1.5891, 3.4903, 2.8099, 1.5165]",1.82,"[2920, 7561, 8212, 8921, 19512, 16277, 9648]",10435.86
Negamax,Negamax,13,vertical,True,True,4,"[7.9988, 23.964, 32.9366, 31.9222, 39.6859, 35.9924]",28.75,"[49821, 138409, 190873, 185909, 230672, 216667]",168725.17,4,"[2.8212, 3.9055, 13.7319, 8.5789, 20.0718, 17.1137, 10.4094]",10.95,"[16282, 21077, 75600, 47675, 115071, 97756, 61074]",62076.43
Minimax,Minimax,11,vertical,True,True,5,"[15.829, 20.4138, 50.7957, 90.5139, 66.8154, 57.7187]",50.35,"[75572, 85513, 241752, 452620, 330968, 314958]",250230.5,5,"[9.6677, 37.6167, 63.7004, 76.7778, 68.2606]",51.2,"[55464, 200709, 351040, 431720, 395754]",286937.4
Negamax,Negamax,3,vertical,True,True,1,[0.011],0.01,[55],55.0,1,"[0.008, 0.012]",0.01,"[37, 55]",46.0
Minimax,Minimax,13,lrd,True,True,2,"[0.079, 0.1464, 0.241, 0.134, 0.228, 0.337, 0.1936]",0.19,"[381, 834, 1376, 792, 1265, 1912, 1156]",1102.29,2,"[0.088, 0.103, 0.118, 0.142, 0.278, 0.189]",0.15,"[497, 571, 649, 787, 1517, 1082]",850.5
Negamax,Negamax,11,vertical,True,True,3,"[0.881, 1.474, 3.0343, 3.0482, 1.7811]",2.04,"[5013, 8260, 17349, 17495, 10849]",11793.2,3,"[0.4568, 1.1332, 1.7056, 2.1582, 2.9384, 1.4589]",1.64,"[2570, 6481, 9698, 12727, 17356, 9105]",9656.17
Negamax,Minimax,12,vertical,True,True,4,"[15.3426, 16.9506, 32.523, 43.92, 37.0814, 32.9517]",29.79,"[90809, 102103, 185379, 253662, 214276, 193737]",173327.67,4,"[6.8504, 8.3279, 18.1049, 12.4945, 15.9101, 12.9895]",12.45,"[38977, 45585, 100774, 72423, 91259, 75746]",70794.0
Minimax,Negamax,10,lru,True,True,5,"[16.7321, 66.299, 95.8702, 63.278, 44.2673]",57.29,"[74318, 316491, 504818, 343728, 250968]",298064.6,5,"[11.4917, 28.2924, 67.4631, 74.9185, 54.2999]",47.29,"[62941, 152269, 370557, 436201, 318559]",268105.4
Minimax,Minimax,5,horizontal,True,True,1,"[0.008, 0.01, 0.007]",0.01,"[37, 37, 37]",37.0,1,"[0.015, 0.008]",0.01,"[37, 37]",37.0
Negamax,Minimax,12,lrd,True,True,2,"[0.064, 0.15, 0.141, 0.1414, 0.219, 0.228]",0.16,"[364, 866, 792, 841, 1247, 1318]",904.67,2,"[0.059, 0.099, 0.154, 0.12, 0.22, 0.11]",0.13,"[331, 551, 858, 663, 1217, 688]",718.0
Minimax,Negamax,12,lru,True,True,3,"[1.0172, 1.3977, 1.2719, 2.443, 2.8824, 2.6348]",1.94,"[5920, 7856, 7049, 13465, 16019, 15089]",10899.67,3,"[0.553, 0.784, 1.301, 1.6208, 3.9955, 3.5721]",1.97,"[3241, 4567, 7367, 8942, 22513, 20268]",11149.67
Minimax,Minimax,11,horizontal,True,True,4,"[9.7769, 32.9232, 90.9599, 59.1701, 10.6472, 14.7834]",36.38,"[56835, 189250, 521032, 342561, 63848, 88224]",210291.67,4,"[6.6336, 16.9594, 28.3966, 12.7075, 5.6977]",14.08,"[36517, 94984, 162908, 75960, 34925]",81058.8
Minimax,Minimax,11,lru,True,True,5,"[13.9519, 50.1581, 123.3171, 151.8259, 65.3921, 51.6469]",76.05,"[63532, 242280, 623998, 804871, 366605, 289648]",398489.0,5,"[25.2585, 55.4966, 94.0215, 108.554, 72.8375]",71.23,"[136485, 307003, 540648, 633951, 440568]",411731.0
Negamax,Minimax,8,vertical,True,True,1,"[0.005, 0.008, 0.012, 0.012]",0.01,"[19, 37, 55, 55]",41.5,1,"[0.008, 0.012, 0.015, 0.012]",0.01,"[37, 55, 73, 55]",55.0
Minimax,Minimax,13,lru,True,True,2,"[0.0765, 0.1772, 0.154, 0.183, 0.228, 0.304, 0.183]",0.19,"[408, 1001, 872, 1081, 1244, 1744, 1096]",1063.71,2,"[0.064, 0.152, 0.139, 0.131, 0.199, 0.192]",0.15,"[360, 857, 774, 724, 1089, 1093]",816.17
Minimax,Minimax,9,vertical,True,True,3,"[0.8822, 1.072, 1.4521, 2.7572, 1.6162]",1.56,"[5044, 6348, 8224, 16031, 10549]",9239.2,3,"[1.0272, 1.9213, 2.1497, 2.4087]",1.88,"[5791, 10939, 12276, 14317]",10830.75
Minimax,Negamax,16,horizontal,True,True,4,"[19.4887, 19.1757, 25.8685, 29.5258, 16.7414, 16.8207, 3.6257, 1.069]",16.54,"[113019, 112420, 148669, 172078, 102122, 103010, 23552, 6572]",97680.25,4,"[4.3609, 7.7275, 4.4882, 8.6696, 11.7244, 5.3744, 4.2153, 1.683]",6.03,"[24296, 43034, 24268, 48236, 66472, 32541, 27438, 11997]",34785.25
Negamax,Negamax,7,vertical,True,True,5,"[29.6509, 67.7166, 127.1841]",74.85,"[138490, 306096, 629216]",357934.0,5,"[10.9542, 29.9315, 90.0996, 45.2222]",44.05,"[63382, 162104, 501386, 265729]",248150.25
Minimax,Minimax,7,vertical,True,True,1,"[0.0052, 0.0052, 0.012, 0.011]",0.01,"[19, 19, 55, 55]",37.0,1,"[0.0052, 0.0076, 0.0116]",0.01,"[19, 37, 55]",37.0
Negamax,Minimax,12,vertical,True,True,2,"[0.127, 0.2424, 0.149, 0.14, 0.233, 0.3678]",0.21,"[724, 1388, 842, 785, 1325, 2131]",1199.17,2,"[0.1, 0.137, 0.128, 0.148, 0.241, 0.1498]",0.15,"[572, 852, 719, 808, 1368, 859]",863.0
Minimax,Minimax,9,vertical,True,True,3,"[0.965, 1.357, 3.1418, 3.5097, 1.9646]",2.19,"[5351, 7655, 17790, 19968, 12049]",12562.6,3,"[1.0337, 2.1898, 3.4056, 2.5406]",2.29,"[5799, 12371, 19526, 14848]",13136.0
Negamax,Negamax,8,vertical,True,True,4,"[17.8903, 20.1691, 50.363, 65.2964]",38.43,"[107286, 118887, 296217, 380540]",225732.5,4,"[2.3922, 5.9467, 10.8418, 30.5493]",12.43,"[13609, 32797, 60033, 172160]",69649.75
Minimax,Minimax,13,lru,True,True,5,"[18.4553, 50.5625, 149.5605, 125.8713, 18.9061, 24.4131, 10.09]",56.84,"[79088, 236612, 718835, 659253, 101346, 144474, 57190]",285256.86,5,"[31.6657, 80.7195, 159.3839, 102.425, 21.796, 24.565]",70.09,"[168635, 442036, 902458, 602851, 137631, 155283]",401482.33
Minimax,Minimax,9,vertical,True,True,1,"[0.0063, 0.0053, 0.0085, 0.012, 0.021]",0.01,"[19, 19, 37, 55, 73]",40.6,1,"[0.0052, 0.0081, 0.011, 0.012]",0.01,"[19, 37, 55, 55]",41.5
Minimax,Negamax,12,lrd,True,True,2,"[0.064, 0.196, 0.156, 0.246, 0.423, 0.2432]",0.22,"[364, 1139, 886, 1371, 2415, 1449]",1270.67,2,"[0.053, 0.101, 0.108, 0.115, 0.202, 0.187]",0.13,"[304, 567, 600, 671, 1051, 1093]",714.33
Minimax,Negamax,14,vertical,True,True,3,"[1.052, 1.4214, 2.5487, 3.0171, 2.1768, 0.869, 0.814]",1.7,"[5840, 8033, 14512, 17357, 12331, 5011, 5354]",9776.86,3,"[0.67, 1.1658, 2.1553, 3.1519, 3.7401, 2.5051, 0.8857]",2.04,"[3776, 6622, 12360, 18204, 21596, 14360, 5233]",11735.86
Minimax,Negamax,14,lrd,True,True,4,"[19.6016, 30.8745, 40.6862, 26.8964, 42.6034, 21.5664, 7.1494]",27.05,"[120218, 176831, 234265, 159467, 253288, 139210, 48628]",161701.0,4,"[6.8948, 3.6404, 10.0216, 18.074, 11.53, 18.0823, 11.426]",11.38,"[38980, 19693, 54734, 100767, 62703, 104335, 70783]",64570.71
Minimax,Minimax,11,lru,True,True,5,"[14.463, 36.911, 63.4901, 88.5377, 78.0766, 40.1798]",53.61,"[69306, 167000, 314550, 470808, 445655, 246631]",285658.33,5,"[24.0598, 48.3764, 72.0681, 56.1516, 50.3219]",50.2,"[133403, 261897, 404652, 335661, 303442]",287811.0
Minimax,Minimax,7,vertical,True,True,1,"[0.008, 0.008, 0.012, 0.011]",0.01,"[37, 37, 55, 55]",46.0,1,"[0.008, 0.008, 0.012]",0.01,"[37, 37, 55]",43.0
Negamax,Minimax,12,lrd,True,True,2,"[0.062, 0.1462, 0.228, 0.126, 0.22, 0.227]",0.17,"[345, 825, 1303, 751, 1247, 1318]",964.83,2,"[0.06, 0.0973, 0.146, 0.121, 0.216, 0.112]",0.13,"[335, 528, 814, 663, 1217, 688]",707.5
Minimax,Negamax,12,lru,True,True,3,"[1.0229, 1.4117, 1.266, 2.436, 2.8976, 2.6397]",1.95,"[5920, 7856, 7049, 13465, 16019, 15089]",10899.67,3,"[0.554, 0.785, 1.3235, 1.6065, 4.0083, 3.5642]",1.97,"[3241, 4567, 7367, 8942, 22513, 20268]",11149.67
Negamax,Negamax,13,vertical,True,True,4,"[8.0314, 23.9756, 32.9289, 31.88, 39.75, 36.1261]",28.78,"[49821, 138409, 190873, 185909, 230672, 216667]",168725.17,4,"[2.8196, 3.9221, 13.7469, 8.619, 20.0512, 17.0357, 10.4206]",10.95,"[16282, 21077, 75600, 47675, 115071, 97756, 61074]",62076.43
Minimax,Negamax,10,vertical,True,True,5,"[17.3892, 52.6924, 91.8627, 122.7452, 54.0515]",67.75,"[76343, 261422, 478237, 676491, 295675]",357633.6,5,"[12.0078, 29.919, 53.3674, 78.7277, 81.8892]",51.18,"[65518, 161230, 296608, 454438, 496315]",294821.8
Minimax,Minimax,7,vertical,True,True,1,"[0.005, 0.009, 0.011, 0.011]",0.01,"[19, 37, 55, 55]",41.5,1,"[0.008, 0.009, 0.012]",0.01,"[37, 37, 55]",43.0
Negamax,Minimax,12,lrd,True,True,2,"[0.066, 0.148, 0.23, 0.127, 0.2192, 0.227]",0.17,"[380, 854, 1303, 751, 1247, 1318]",975.5,2,"[0.082, 0.095, 0.147, 0.122, 0.2174, 0.112]",0.13,"[469, 528, 814, 663, 1217, 688]",729.83
Minimax,Minimax,9,vertical,True,True,3,"[0.781, 1.407, 1.7356, 1.9329, 1.8989]",1.55,"[4544, 8321, 9718, 11351, 11210]",9028.8,3,"[0.8766, 2.0986, 1.8331, 2.1011]",1.73,"[5068, 11990, 10759, 12179]",9999.0
Minimax,Negamax,8,vertical,True,True,4,"[15.0984, 30.386, 41.1353, 21.4964]",27.03,"[87479, 178915, 243805, 132215]",160603.5,4,"[2.7065, 7.0262, 15.7631, 14.1812]",9.92,"[14811, 39002, 89725, 83555]",56773.25
Minimax,Minimax,5,vertical,True,True,5,"[31.2104, 73.4325, 98.4216]",67.69,"[144716, 363666, 518860]",342414.0,5,"[42.4813, 103.6083]",73.04,"[232515, 577181]",404848.0
Minimax,Minimax,9,vertical,True,True,1,"[0.005, 0.005, 0.009, 0.012, 0.016]",0.01,"[19, 19, 37, 55, 73]",40.6,1,"[0.005, 0.009, 0.012, 0.013]",0.01,"[19, 37, 55, 55]",41.5
Minimax,Negamax,12,lrd,True,True,2,"[0.065, 0.136, 0.197, 0.148, 0.344, 0.187]",0.18,"[369, 770, 1100, 828, 1862, 1186]",1019.17,2,"[0.052, 0.121, 0.117, 0.111, 0.156, 0.142]",0.12,"[287, 689, 648, 649, 870, 802]",657.5
Negamax,Negamax,13,vertical,True,True,3,"[1.1265, 1.5495, 3.5843, 3.7655, 2.3856, 1.3486]",2.29,"[6315, 8645, 20109, 21617, 13384, 7974]",13007.33,3,"[0.9953, 1.505, 2.384, 4.0832, 3.5398, 3.0931, 0.9109]",2.36,"[5731, 8473, 13588, 23283, 20382, 17660, 5368]",13497.86
Minimax,Negamax,12,lrd,True,True,4,"[10.8717, 28.3696, 24.2927, 32.3342, 22.9211, 14.619]",22.23,"[63301, 163450, 141717, 191830, 141066, 90148]",131918.67,4,"[3.0388, 6.5397, 8.333, 15.3591, 16.3962, 6.8491]",9.42,"[16921, 35924, 45870, 85495, 95210, 41912]",53555.33
Negamax,Minimax,11,lrd,True,True,5,"[15.8713, 44.4325, 105.7169, 127.9769, 70.3548, 27.7897]",65.36,"[70947, 211755, 524286, 682610, 405500, 166361]",343576.5,5,"[27.2565, 61.1338, 114.0096, 101.2892, 38.1396]",68.37,"[146466, 338044, 650318, 608197, 237597]",396124.4
Negamax,Negamax,9,vertical,True,True,1,"[0.009, 0.011, 0.012, 0.012]",0.01,"[37, 55, 55, 55]",50.5,1,"[0.005, 0.012, 0.015, 0.013, 0.012]",0.01,"[19, 55, 73, 55, 55]",51.4
Minimax,Negamax,10,vertical,True,True,2,"[0.068, 0.152, 0.21, 0.377, 0.177]",0.2,"[386, 865, 1169, 2118, 1129]",1133.4,2,"[0.066, 0.103, 0.098, 0.245, 0.208]",0.14,"[366, 573, 542, 1375, 1226]",816.4
Minimax,Minimax,9,vertical,True,True,3,"[0.96, 1.208, 1.6127, 3.0359, 1.6073]",1.68,"[5496, 7111, 9122, 17542, 10531]",9960.4,3,"[0.9766, 2.3201, 2.4042, 2.6271]",2.08,"[5575, 13140, 13639, 15535]",11972.25
Minimax,Negamax,12,lrd,True,True,4,"[13.0364, 29.6995, 44.857, 25.5332, 38.6165, 27.1053]",29.81,"[76248, 170273, 259916, 153334, 227533, 169515]",176136.5,4,"[2.5993, 4.6843, 8.6519, 8.3062, 11.0973, 15.9822]",8.55,"[14514, 27256, 47398, 46286, 60467, 91389]",47885.0
Negamax,Minimax,8,vertical,True,True,5,"[30.3724, 35.1508, 53.6299, 39.6151]",39.69,"[149796, 157252, 259668, 186508]",188306.0,5,"[17.1433, 35.7211, 26.9408, 42.7227]",30.63,"[95402, 194831, 149976, 247753]",171990.5
Negamax,Minimax,8,vertical,True,True,1,"[0.005, 0.008, 0.012, 0.011]",0.01,"[19, 37, 55, 55]",41.5,1,"[0.009, 0.012, 0.015, 0.011]",0.01,"[37, 55, 73, 55]",55.0
Negamax,Minimax,12,horizontal,True,True,2,"[0.143, 0.2603, 0.443, 0.39, 0.5502, 0.299]",0.35,"[827, 1467, 2490, 2202, 3082, 1811]",1979.83,2,"[0.1433, 0.2824, 0.309, 0.402, 0.189, 0.153]",0.25,"[807, 1592, 1724, 2263, 1079, 879]",1390.67
Minimax,Minimax,5,vertical,True,True,3,"[1.0273, 2.7003, 1.9674]",1.9,"[5759, 15428, 11489]",10892.0,3,"[1.6742, 2.8032]",2.24,"[9572, 16177]",12874.5
Minimax,Minimax,13,vertical,True,True,4,"[15.4022, 14.0962, 36.4143, 50.4067, 87.7244, 59.5211, 15.4795]",39.86,"[90030, 81944, 208342, 288914, 498874, 355733, 94283]",231160.0,4,"[3.5052, 8.1737, 10.5158, 10.9268, 29.6987, 8.4871]",11.88,"[20824, 45187, 58832, 63797, 168193, 49875]",67784.67
Negamax,Negamax,3,horizontal,True,True,5,[18.8249],18.82,[93242],93242.0,5,"[18.8765, 22.096]",20.49,"[109872, 134456]",122164.0
Minimax,Minimax,9,vertical,True,True,1,"[0.005, 0.005, 0.009, 0.012, 0.014]",0.01,"[19, 19, 37, 55, 73]",40.6,1,"[0.005, 0.008, 0.011, 0.012]",0.01,"[19, 37, 55, 55]",41.5
Negamax,Minimax,12,vertical,True,True,2,"[0.074, 0.228, 0.3305, 0.31, 0.365, 0.218]",0.25,"[422, 1309, 1879, 1741, 2077, 1277]",1450.83,2,"[0.12, 0.166, 0.275, 0.191, 0.206, 0.124]",0.18,"[673, 950, 1540, 1074, 1157, 727]",1020.17
Minimax,Minimax,9,vertical,True,True,3,"[0.535, 1.1086, 2.4382, 2.4978, 1.3531]",1.59,"[2998, 6296, 13938, 14848, 8995]",9415.0,3,"[0.8112, 1.7879, 2.1345, 1.8269]",1.64,"[4603, 10244, 12583, 11322]",9688.0
Minimax,Negamax,8,vertical,True,True,4,"[38.5659, 103.5976, 105.2189, 43.4609]",72.71,"[224375, 601826, 611758, 259705]",424416.0,4,"[9.6976, 18.4025, 28.8569, 30.7147]",21.92,"[53834, 101706, 160535, 176668]",123185.75
Negamax,Negamax,3,horizontal,True,True,5,[15.8664],15.87,[84019],84019.0,5,"[19.1145, 23.2391]",21.18,"[111950, 131882]",121916.0
Minimax,Negamax,8,vertical,True,True,1,"[0.008, 0.011, 0.016, 0.012]",0.01,"[37, 55, 73, 55]",55.0,1,"[0.005, 0.008, 0.012, 0.011]",0.01,"[19, 37, 55, 55]",41.5
Minimax,Negamax,10,vertical,True,True,2,"[0.068, 0.151, 0.226, 0.2337, 0.194]",0.17,"[418, 857, 1293, 1327, 1276]",1034.2,2,"[0.055, 0.075, 0.172, 0.11, 0.2195]",0.13,"[313, 420, 955, 608, 1242]",707.6
Negamax,Minimax,10,vertical,True,True,3,"[0.537, 1.1838, 1.8099, 2.0594, 2.2196]",1.56,"[3028, 6713, 10186, 11664, 13351]",8988.4,3,"[0.9982, 1.0222, 1.6978, 2.339, 1.6117]",1.53,"[5860, 5853, 9669, 13789, 10393]",9112.8
Minimax,Minimax,13,vertical,True,True,4,"[10.4001, 13.6261, 36.4741, 50.2261, 87.2486, 59.4971, 15.3525]",38.97,"[60671, 78835, 208342, 288914, 498874, 355733, 94283]",226521.71,4,"[2.9621, 8.192, 10.5548, 10.9541, 29.6989, 8.4447]",11.8,"[16265, 45187, 58832, 63797, 168193, 49875]",67024.83
Minimax,Negamax,8,lru,True,True,5,"[16.9571, 54.0883, 74.198, 48.4621]",48.43,"[75251, 267408, 374660, 273406]",247681.25,5,"[11.8516, 29.1014, 66.7382, 88.2682]",48.99,"[64664, 156964, 370642, 508965]",275308.75
Minimax,Negamax,6,vertical,True,True,1,"[0.008, 0.008, 0.011]",0.01,"[37, 37, 55]",43.0,1,"[0.005, 0.008, 0.012]",0.01,"[19, 37, 55]",37.0
Negamax,Minimax,12,lrd,True,True,2,"[0.067, 0.145, 0.137, 0.148, 0.2652, 0.2811]",0.17,"[378, 829, 782, 883, 1494, 1669]",1005.83,2,"[0.058, 0.148, 0.131, 0.207, 0.284, 0.157]",0.16,"[326, 835, 728, 1152, 1612, 941]",932.33
Minimax,Negamax,8,vertical,True,True,3,"[0.8093, 1.789, 2.224, 1.3884]",1.55,"[4493, 10145, 12856, 8607]",9025.25,3,"[0.5282, 1.0962, 2.4095, 2.503]",1.63,"[2995, 6297, 13961, 14818]",9517.75
Minimax,Negamax,12,vertical,True,True,4,"[7.6404, 25.3735, 28.0479, 33.7236, 41.9505, 28.1397]",27.48,"[47471, 146259, 163973, 196395, 242639, 169145]",160980.33,4,"[2.0393, 3.6891, 9.0097, 8.4193, 18.6947, 16.6988]",9.76,"[11947, 20038, 49345, 46725, 107416, 95858]",55221.5
Minimax,Minimax,11,lru,True,True,5,"[32.8161, 31.457, 54.2194, 92.7899, 77.0572, 45.1281]",55.58,"[154975, 142299, 270768, 490288, 407188, 256877]",287065.83,5,"[27.7417, 37.1871, 50.1772, 81.15, 61.5089]",51.55,"[153329, 202301, 284297, 476077, 363155]",295831.8
Negamax,Negamax,9,vertical,True,True,1,"[0.006, 0.009, 0.012, 0.011]",0.01,"[19, 37, 55, 55]",41.5,1,"[0.005, 0.005, 0.008, 0.012, 0.016]",0.01,"[19, 19, 37, 55, 73]",40.6
Minimax,Minimax,13,vertical,True,True,2,"[0.0613, 0.075, 0.169, 0.2073, 0.182, 0.419, 0.175]",0.18,"[345, 419, 953, 1142, 975, 2334, 1131]",1042.71,2,"[0.0577, 0.121, 0.1664, 0.165, 0.168, 0.235]",0.15,"[352, 676, 942, 936, 959, 1342]",867.83
Minimax,Negamax,8,vertical,True,True,3,"[1.5721, 1.6768, 2.4199, 2.1252]",1.95,"[8855, 9505, 14018, 12768]",11286.5,3,"[0.9563, 1.1501, 2.2415, 2.0454]",1.6,"[5426, 6562, 12989, 12108]",9271.25
Minimax,Negamax,10,vertical,True,True,4,"[12.6498, 27.8662, 24.708, 31.6221, 28.6258]",25.09,"[73132, 160438, 143787, 184422, 172726]",146901.0,4,"[3.0763, 3.7281, 7.994, 8.1183, 15.7096]",7.73,"[16693, 20160, 44103, 44932, 90644]",43306.4
Minimax,Minimax,11,vertical,True,True,5,"[25.2456, 36.8537, 64.6984, 86.404, 79.1108, 40.8352]",55.52,"[124154, 163836, 325631, 468146, 453366, 231786]",294486.5,5,"[23.2527, 39.0351, 71.5828, 66.5187, 44.9067]",49.06,"[128903, 213650, 404611, 393443, 271504]",282422.2
Negamax,Negamax,9,vertical,True,True,1,"[0.005, 0.008, 0.012, 0.011]",0.01,"[19, 37, 55, 55]",41.5,1,"[0.005, 0.005, 0.009, 0.012, 0.015]",0.01,"[19, 19, 37, 55, 73]",40.6
Minimax,Minimax,13,vertical,True,True,2,"[0.06, 0.079, 0.167, 0.205, 0.1813, 0.414, 0.174]",0.18,"[344, 451, 953, 1142, 975, 2334, 1131]",1047.14,2,"[0.061, 0.12, 0.166, 0.163, 0.1694, 0.233]",0.15,"[378, 676, 942, 936, 959, 1342]",872.17
Minimax,Negamax,10,lrd,True,True,3,"[1.0298, 1.1131, 2.1271, 1.8366, 1.7116]",1.56,"[5974, 6252, 12299, 10602, 10012]",9027.8,3,"[0.7, 1.2052, 1.6758, 1.816, 2.4886]",1.58,"[3996, 6901, 9618, 10592, 14507]",9122.8
Minimax,Minimax,9,lrd,True,True,4,"[9.4137, 21.3188, 47.7124, 39.3896, 17.8984]",27.15,"[54884, 123781, 278132, 245139, 112114]",162810.0,4,"[5.8978, 12.9117, 17.9293, 11.213]",11.99,"[32695, 73332, 105141, 67616]",69696.0
Minimax,Minimax,11,lru,True,True,5,"[15.355, 31.5107, 73.842, 66.9388, 75.7459, 29.9151]",48.88,"[71137, 143037, 356502, 350545, 412140, 149191]",247092.0,5,"[11.665, 39.35, 62.2469, 54.5127, 59.223]",45.4,"[62140, 216051, 355736, 322733, 353564]",262044.8
Minimax,Minimax,7,vertical,True,True,1,"[0.0088, 0.005, 0.012, 0.012]",0.01,"[37, 19, 55, 55]",41.5,1,"[0.005, 0.009, 0.012]",0.01,"[19, 37, 55]",37.0
Minimax,Minimax,13,vertical,True,True,2,"[0.123, 0.073, 0.154, 0.146, 0.272, 0.341, 0.21]",0.19,"[704, 413, 870, 816, 1524, 1920, 1174]",1060.14,2,"[0.053, 0.148, 0.162, 0.158, 0.2863, 0.176]",0.16,"[325, 827, 915, 873, 1539, 1034]",918.83
Negamax,Negamax,14,lru,True,True,3,"[1.0537, 1.2577, 2.6627, 2.1565, 2.2078, 1.71, 0.59]",1.66,"[6091, 7064, 14887, 12419, 13151, 10358, 3718]",9669.71,3,"[0.555, 0.9146, 1.6593, 2.1226, 1.8192, 1.8732, 0.8749]",1.4,"[3279, 5283, 9303, 12164, 11131, 11380, 6045]",8369.29
Negamax,Minimax,10,vertical,True,True,4,"[9.7964, 22.0352, 54.473, 35.1448, 24.3532]",29.16,"[57216, 128248, 318733, 209132, 148256]",172317.0,4,"[5.7305, 11.3241, 14.4574, 13.356, 5.4956]",10.07,"[31796, 64363, 82942, 80979, 34215]",58859.0
Negamax,Minimax,8,vertical,True,True,5,"[14.1431, 38.7282, 87.388, 89.1487]",57.35,"[66101, 178474, 440348, 478784]",290926.75,5,"[13.5542, 45.7184, 57.1519, 55.8839]",43.08,"[72818, 249148, 322165, 335836]",244991.75
Minimax,Negamax,8,vertical,True,True,1,"[0.008, 0.012, 0.015, 0.012]",0.01,"[37, 55, 73, 55]",55.0,1,"[0.005, 0.008, 0.012, 0.013]",0.01,"[19, 37, 55, 55]",41.5
Negamax,Minimax,12,vertical,True,True,2,"[0.151, 0.24, 0.1505, 0.141, 0.233, 0.374]",0.21,"[859, 1388, 842, 785, 1325, 2131]",1221.67,2,"[0.102, 0.139, 0.13, 0.15, 0.245, 0.15]",0.15,"[572, 852, 719, 808, 1368, 859]",863.0
Negamax,Minimax,10,vertical,True,True,3,"[1.1326, 1.3405, 1.9433, 2.1857, 2.1896]",1.76,"[6458, 7573, 10963, 12529, 12868]",10078.2,3,"[2.1995, 1.1625, 1.7165, 2.2142, 1.8186]",1.82,"[12584, 6613, 9806, 13202, 11140]",10669.0
Minimax,Negamax,12,vertical,True,True,4,"[34.2374, 93.0334, 77.963, 24.8209, 27.9127, 12.6161]",45.1,"[199062, 538637, 454099, 147379, 171261, 79232]",264945.0,4,"[6.5015, 17.6192, 25.3423, 15.2747, 11.5894, 6.6417]",13.83,"[35829, 98832, 144987, 87365, 69996, 40906]",79652.5
Negamax,Negamax,11,vertical,True,True,5,"[15.2639, 52.5066, 93.77, 85.8486, 55.985]",60.67,"[66271, 250332, 478739, 463061, 318259]",315332.4,5,"[12.9373, 27.5468, 61.0221, 86.5152, 69.6059, 24.3461]",47.0,"[70362, 147532, 339411, 498862, 408656, 153819]",269773.67
Minimax,Minimax,9,vertical,True,True,1,"[0.004, 0.005, 0.008, 0.011, 0.015]",0.01,"[19, 19, 37, 55, 73]",40.6,1,"[0.006, 0.008, 0.012, 0.012]",0.01,"[19, 37, 55, 55]",41.5
Minimax,Negamax,12,lrd,True,True,2,"[0.152, 0.221, 0.288, 0.293, 0.2827, 0.135]",0.23,"[870, 1267, 1640, 1671, 1599, 788]",1305.83,2,"[0.064, 0.151, 0.196, 0.169, 0.259, 0.138]",0.16,"[363, 837, 1099, 960, 1446, 796]",916.83
Negamax,Negamax,13,lrd,True,True,3,"[0.837, 1.7269, 2.5126, 2.6718, 2.3197, 2.2265]",2.05,"[4585, 9555, 13894, 15141, 12945, 13420]",11590.0,3,"[0.685, 1.1214, 1.8436, 2.2267, 1.7969, 1.4657, 1.1294]",1.47,"[4141, 6360, 10545, 12985, 10490, 9243, 7423]",8741.0
Negamax,Negamax,9,lrd,True,True,4,"[19.2204, 27.1828, 31.9559, 29.1103]",26.87,"[114780, 158796, 191785, 178382]",160935.75,4,"[4.5569, 6.0021, 9.4167, 15.6011, 7.2441]",8.56,"[25641, 32790, 52047, 88594, 45639]",48942.2
Negamax,Negamax,9,horizontal,True,True,5,"[34.314, 44.1699, 62.9219, 83.001]",56.1,"[156454, 211953, 327080, 450715]",286550.5,5,"[12.8818, 26.5484, 47.8349, 59.7807, 75.5365]",44.52,"[68750, 142565, 268184, 351234, 443079]",254762.4
Negamax,Minimax,6,vertical,True,True,1,"[0.008, 0.008, 0.012]",0.01,"[37, 37, 55]",43.0,1,"[0.008, 0.012, 0.011]",0.01,"[37, 55, 55]",49.0
Minimax,Minimax,3,horizontal,True,True,2,"[0.132, 0.077]",0.1,"[760, 463]",611.5,2,[0.068],0.07,[441],441.0
Minimax,Negamax,12,vertical,True,True,3,"[1.8201, 1.4009, 1.6265, 3.1843, 1.4041, 1.0201]",1.74,"[10343, 7800, 9156, 18133, 8681, 6642]",10125.83,3,"[1.1081, 1.8706, 1.3079, 2.4726, 2.8816, 1.3563]",1.83,"[6414, 10595, 7337, 14204, 16696, 8007]",10542.17
Minimax,Negamax,12,lrd,True,True,4,"[14.5557, 29.1328, 25.2033, 38.329, 42.7153, 28.2554]",29.7,"[86771, 169569, 146121, 224973, 255104, 174077]",176102.5,4,"[4.0431, 6.1319, 9.3339, 13.4267, 17.767, 15.8223]",11.09,"[23306, 33380, 51114, 75592, 100644, 91359]",62565.83
Negamax,Minimax,12,horizontal,True,True,5,"[14.3563, 35.8012, 86.1398, 69.73, 71.7059, 87.2037]",60.82,"[67022, 162715, 422341, 352792, 399232, 502787]",317814.83,5,"[13.4835, 47.2063, 65.9124, 58.2343, 46.4396, 34.6968]",44.33,"[71578, 259088, 370322, 341306, 290358, 225128]",259630.0
Minimax,Minimax,3,vertical,True,True,1,"[0.008, 0.012]",0.01,"[37, 55]",46.0,1,[0.012],0.01,[55],55.0
Minimax,Negamax,12,lrd,True,True,2,"[0.072, 0.131, 0.176, 0.148, 0.3358, 0.187]",0.17,"[402, 745, 992, 828, 1862, 1186]",1002.5,2,"[0.055, 0.107, 0.163, 0.092, 0.155, 0.142]",0.12,"[305, 590, 913, 538, 870, 802]",669.67
Minimax,Minimax,13,vertical,True,True,3,"[0.563, 0.7006, 1.3111, 1.4053, 1.6677, 2.5093, 1.3305]",1.36,"[3298, 3939, 7236, 8024, 9394, 14618, 8757]",7895.14,3,"[0.431, 1.421, 2.1922, 1.6441, 2.2647, 2.8196]",1.8,"[2530, 8007, 12297, 9489, 13008, 16793]",10354.0
Minimax,Minimax,9,lrd,True,True,4,"[9.4564, 21.3212, 47.7291, 40.9082, 17.9231]",27.47,"[54884, 123781, 278132, 245139, 112114]",162810.0,4,"[5.8876, 12.9074, 17.9428, 11.1246]",11.97,"[32695, 73332, 105141, 67616]",69696.0
Minimax,Minimax,13,vertical,True,True,5,"[14.2228, 49.1666, 50.3891, 54.7263, 74.6121, 61.6062, 39.6504]",49.2,"[66702, 235535, 236650, 255831, 373803, 334650, 229733]",247557.71,5,"[24.6918, 47.9297, 44.2105, 56.356, 88.2676, 45.4233]",51.15,"[138039, 259832, 239660, 320817, 496282, 269795]",287404.17
Negamax,Minimax,10,vertical,True,True,1,"[0.006, 0.011, 0.015, 0.013, 0.015]",0.01,"[19, 55, 73, 55, 73]",55.0,1,"[0.008, 0.012, 0.011, 0.012, 0.011]",0.01,"[37, 55, 55, 55, 55]",51.4
Minimax,Minimax,13,vertical,True,True,2,"[0.132, 0.078, 0.171, 0.207, 0.182, 0.419, 0.175]",0.19,"[749, 433, 953, 1142, 975, 2334, 1131]",1102.43,2,"[0.096, 0.1214, 0.173, 0.166, 0.169, 0.2354]",0.16,"[551, 676, 942, 936, 959, 1342]",901.0
Minimax,Negamax,10,vertical,True,True,3,"[0.8735, 2.7506, 3.106, 3.2208, 1.2741]",2.25,"[4794, 15262, 17335, 18321, 8384]",12819.2,3,"[0.7761, 1.4033, 4.4056, 4.5696, 2.5387]",2.74,"[4379, 7963, 24680, 25642, 15285]",15589.8
Negamax,Negamax,11,lrd,True,True,4,"[16.2711, 20.9996, 45.5276, 33.2994, 28.0355]",28.83,"[96305, 123835, 266813, 198652, 173958]",171912.6,4,"[4.5315, 6.3193, 10.3859, 23.7683, 7.7378, 7.5492]",10.05,"[25584, 34587, 57663, 134938, 46306, 45333]",57401.83
Negamax,Negamax,9,vertical,True,True,5,"[33.2821, 59.0524, 63.9407, 30.2791]",46.64,"[156117, 290074, 331350, 162574]",235028.75,5,"[21.53, 43.322, 56.6401, 88.3498, 21.6348]",46.3,"[120494, 247908, 322697, 509402, 138953]",267890.8
Minimax,Minimax,7,vertical,True,True,1,"[0.009, 0.008, 0.011, 0.012]",0.01,"[19, 37, 55, 55]",41.5,1,"[0.008, 0.008, 0.011]",0.01,"[37, 37, 55]",43.0
Minimax,Negamax,10,vertical,True,True,2,"[0.137, 0.153, 0.23, 0.231, 0.193]",0.19,"[794, 857, 1293, 1327, 1276]",1109.4,2,"[0.097, 0.076, 0.17, 0.112, 0.217]",0.13,"[553, 420, 955, 608, 1242]",755.6
Negamax,Negamax,11,vertical,True,True,3,"[0.906, 1.481, 3.0671, 3.0712, 1.7862]",2.06,"[4973, 8260, 17349, 17495, 10849]",11785.2,3,"[0.4322, 0.9652, 1.718, 2.1854, 2.9538, 1.4635]",1.62,"[2392, 5431, 9698, 12727, 17356, 9105]",9451.5
Minimax,Minimax,9,lru,True,True,4,"[8.2773, 19.1327, 31.8034, 48.1931, 25.6559]",26.61,"[49125, 110864, 181734, 277896, 153842]",154692.2,4,"[5.1213, 9.2473, 18.7226, 26.8335]",14.98,"[29591, 52035, 104473, 151005]",84276.0
Minimax,Negamax,12,lrd,True,True,5,"[31.2085, 55.3014, 111.4447, 107.1331, 39.4108, 28.9719]",62.25,"[144300, 271316, 573285, 505084, 238333, 190997]",320552.5,5,"[29.2012, 44.2772, 62.554, 127.3662, 79.6288, 47.3959]",65.07,"[161721, 243990, 345547, 723674, 471699, 295671]",373717.0
Negamax,Minimax,8,vertical,True,True,1,"[0.008, 0.008, 0.008, 0.012]",0.01,"[37, 37, 37, 55]",41.5,1,"[0.008, 0.008, 0.012, 0.011]",0.01,"[37, 37, 55, 55]",46.0
Minimax,Minimax,13,lrd,True,True,2,"[0.063, 0.148, 0.243, 0.1339, 0.222, 0.339, 0.194]",0.19,"[362, 834, 1376, 792, 1265, 1912, 1156]",1099.57,2,"[0.062, 0.103, 0.118, 0.143, 0.2771, 0.19]",0.15,"[347, 571, 649, 787, 1517, 1082]",825.5
Minimax,Negamax,14,vertical,True,True,3,"[1.047, 1.436, 2.5504, 3.0177, 2.2116, 0.882, 0.8246]",1.71,"[5840, 8033, 14512, 17357, 12331, 5011, 5354]",9776.86,3,"[0.6692, 1.1595, 2.1543, 3.1566, 3.7621, 2.5344, 0.89]",2.05,"[3776, 6622, 12360, 18204, 21596, 14360, 5233]",11735.86
Minimax,Negamax,10,vertical,True,True,4,"[10.8044, 28.7351, 37.132, 45.2641, 23.1959]",29.03,"[62906, 165513, 215768, 271832, 142896]",171783.0,4,"[2.7905, 5.8446, 12.8634, 18.2135, 13.2805]",10.6,"[15509, 32320, 72334, 104911, 79607]",60936.2
Minimax,Minimax,13,vertical,True,True,5,"[22.5204, 20.5896, 57.888, 53.183, 108.1731, 60.7322, 54.5652]",53.95,"[116836, 84775, 272202, 247827, 561608, 324033, 294013]",271613.43,5,"[9.8865, 36.0232, 72.7083, 61.651, 71.4514, 45.6435]",49.56,"[56110, 191487, 396784, 351621, 402369, 265095]",277244.33
Negamax,Negamax,7,vertical,True,True,1,"[0.005, 0.01, 0.014]",0.01,"[19, 37, 55]",37.0,1,"[0.005, 0.006, 0.02, 0.012]",0.01,"[19, 19, 55, 55]",37.0
Negamax,Negamax,15,vertical,True,True,2,"[0.146, 0.145, 0.131, 0.125, 0.211, 0.302, 0.352]",0.2,"[832, 823, 798, 741, 1182, 1716, 2148]",1177.14,2,"[0.055, 0.135, 0.12, 0.1855, 0.1552, 0.273, 0.207, 0.092]",0.15,"[312, 757, 670, 1044, 826, 1545, 1160, 518]",854.0
Negamax,Negamax,11,vertical,True,True,3,"[0.9041, 1.4718, 3.0626, 3.0774, 1.8024]",2.06,"[4973, 8260, 17349, 17495, 10849]",11785.2,3,"[0.428, 0.9621, 1.7161, 2.1738, 2.9681, 1.4722]",1.62,"[2392, 5431, 9698, 12727, 17356, 9105]",9451.5
Negamax,Negamax,3,horizontal,True,True,4,[8.5821],8.58,[54782],54782.0,4,"[4.5377, 5.2548]",4.9,"[26110, 30271]",28190.5
Negamax,Negamax,9,vertical,True,True,5,"[13.2741, 42.8911, 74.7625, 65.0775]",49.0,"[63594, 191504, 359415, 338468]",238245.25,5,"[9.4169, 15.3149, 40.9744, 48.7438, 54.1847]",33.73,"[55665, 80663, 223004, 273007, 320708]",190609.4
Minimax,Minimax,3,vertical,True,True,1,"[0.008, 0.012]",0.01,"[37, 55]",46.0,1,[0.012],0.01,[55],55.0
Negamax,Negamax,11,vertical,True,True,2,"[0.116, 0.158, 0.173, 0.212, 0.6553]",0.26,"[715, 888, 974, 1171, 3610]",1471.6,2,"[0.095, 0.156, 0.107, 0.11, 0.2216, 0.186]",0.15,"[527, 827, 587, 641, 1150, 1038]",795.0
Minimax,Negamax,10,lrd,True,True,3,"[1.0415, 1.1261, 2.1475, 1.8413, 1.705]",1.57,"[5974, 6252, 12299, 10602, 10012]",9027.8,3,"[0.546, 1.219, 1.7072, 1.8205, 2.4756]",1.55,"[3065, 6901, 9618, 10592, 14507]",8936.6
Negamax,Minimax,12,vertical,True,True,4,"[12.2851, 21.2327, 42.0149, 42.5626, 51.9931, 30.6888]",33.46,"[71701, 123116, 240385, 246381, 300685, 190036]",195384.0,4,"[3.4396, 8.8368, 21.8781, 10.7666, 10.8694, 9.9098]",10.95,"[18586, 48779, 121077, 59008, 61978, 61704]",61855.33
Minimax,Minimax,15,lrd,True,True,5,"[34.0189, 20.4865, 52.5866, 57.1526, 86.6164, 82.8597, 36.5217, 13.4141]",47.96,"[161355, 84815, 242772, 268227, 466700, 472053, 225359, 90190]",251433.88,5,"[10.1326, 36.2898, 46.9285, 77.7947, 82.5382, 60.6609, 26.603]",48.71,"[57325, 193617, 255527, 432998, 484953, 390564, 179248]",284890.29
Negamax,Negamax,7,vertical,True,True,1,"[0.005, 0.008, 0.012]",0.01,"[19, 37, 55]",37.0,1,"[0.009, 0.005, 0.012, 0.012]",0.01,"[37, 19, 55, 55]",41.5
Minimax,Negamax,14,lru,True,True,2,"[0.124, 0.158, 0.1522, 0.173, 0.397, 0.29, 0.167]",0.21,"[707, 892, 834, 961, 2209, 1675, 1129]",1201.0,2,"[0.055, 0.103, 0.173, 0.1104, 0.168, 0.236, 0.144]",0.14,"[307, 574, 963, 652, 913, 1323, 844]",796.57
Negamax,Negamax,8,vertical,True,True,3,"[0.82, 2.597, 2.1083, 2.0122]",1.88,"[4531, 14591, 12019, 11882]",10755.75,3,"[0.4708, 1.6577, 1.8573, 1.271]",1.31,"[2744, 9726, 10645, 8074]",7797.25
Negamax,Minimax,10,lrd,True,True,4,"[32.3019, 18.1228, 30.4928, 50.6343, 33.5063]",33.01,"[189806, 104686, 176768, 300570, 205451]",195456.2,4,"[4.4162, 8.9126, 12.0567, 13.6995, 7.7561]",9.37,"[25813, 49529, 67458, 77412, 49243]",53891.0
Negamax,Negamax,9,vertical,True,True,5,"[40.7414, 103.1298, 116.7208, 115.2557]",93.96,"[174315, 483412, 574917, 630079]",465680.75,5,"[13.6903, 39.3834, 124.9839, 137.6258, 54.5351]",74.04,"[72676, 215677, 698555, 792760, 323676]",420668.8
Negamax,Negamax,7,vertical,True,True,1,"[0.005, 0.009, 0.018]",0.01,"[19, 37, 55]",37.0,1,"[0.009, 0.005, 0.011, 0.012]",0.01,"[37, 19, 55, 55]",41.5
Minimax,Negamax,12,vertical,True,True,2,"[0.1847, 0.137, 0.163, 0.15, 0.237, 0.18]",0.18,"[1028, 839, 918, 829, 1346, 1198]",1026.33,2,"[0.091, 0.109, 0.162, 0.144, 0.173, 0.195]",0.15,"[518, 620, 915, 795, 880, 1115]",807.17
Negamax,Negamax,9,lru,True,True,3,"[0.9927, 1.7152, 1.7423, 1.9933]",1.61,"[5556, 9636, 9810, 11576]",9144.5,3,"[0.6152, 1.1858, 1.5849, 1.8383, 1.8333]",1.41,"[3465, 6772, 9097, 10663, 11304]",8260.2
Minimax,Negamax,12,vertical,True,True,4,"[7.6131, 25.465, 27.997, 33.7403, 42.1037, 28.165]",27.51,"[47471, 146259, 163973, 196395, 242639, 169145]",160980.33,4,"[2.7334, 3.7129, 9.025, 8.3634, 18.6656, 16.7484]",9.87,"[15680, 20038, 49345, 46725, 107416, 95858]",55843.67
Minimax,Minimax,11,lru,True,True,5,"[28.6061, 40.1162, 117.3582, 125.5686, 93.5342, 90.9139]",82.68,"[139411, 181184, 559038, 582483, 481615, 505687]",408236.33,5,"[19.9007, 51.4457, 54.4438, 144.983, 111.8462]",76.52,"[109196, 282173, 303090, 839415, 648468]",436468.4
Negamax,Minimax,8,vertical,True,True,1,"[0.005, 0.008, 0.008, 0.012]",0.01,"[19, 37, 37, 55]",37.0,1,"[0.008, 0.008, 0.012, 0.012]",0.01,"[37, 37, 55, 55]",46.0
Minimax,Negamax,14,lru,True,True,2,"[0.202, 0.156, 0.148, 0.1737, 0.398, 0.291, 0.165]",0.22,"[1170, 892, 834, 961, 2209, 1675, 1129]",1267.14,2,"[0.109, 0.1015, 0.171, 0.111, 0.163, 0.234, 0.142]",0.15,"[569, 574, 963, 652, 913, 1323, 844]",834.0
Minimax,Negamax,10,lrd,True,True,3,"[1.0498, 1.12, 2.1451, 1.8353, 1.7133]",1.57,"[5974, 6252, 12299, 10602, 10012]",9027.8,3,"[0.5436, 1.2208, 1.6946, 1.818, 2.4887]",1.55,"[3065, 6901, 9618, 10592, 14507]",8936.6
Minimax,Minimax,7,lru,True,True,4,"[9.8406, 22.7368, 31.9197, 31.9906]",24.12,"[57667, 132489, 186335, 189859]",141587.5,4,"[5.8744, 10.9076, 17.551]",11.44,"[32531, 61492, 101663]",65228.67
Minimax,Negamax,10,lru,True,True,5,"[58.0796, 66.5342, 96.2369, 63.2364, 44.2476]",65.67,"[278117, 316491, 504818, 343728, 250968]",338824.4,5,"[28.2526, 28.253, 67.3794, 74.8373, 54.3325]",50.61,"[157740, 152269, 370557, 436201, 318559]",287065.2
Negamax,Minimax,8,vertical,True,True,1,"[0.0089, 0.0085, 0.009, 0.012]",0.01,"[37, 37, 37, 55]",41.5,1,"[0.008, 0.008, 0.012, 0.012]",0.01,"[37, 37, 55, 55]",46.0
Minimax,Minimax,13,vertical,True,True,2,"[0.065, 0.071, 0.2, 0.236, 0.1991, 0.4161, 0.175]",0.19,"[345, 406, 1125, 1296, 1097, 2334, 1131]",1104.86,2,"[0.057, 0.136, 0.16, 0.1435, 0.169, 0.2349]",0.15,"[352, 753, 905, 823, 959, 1342]",855.67
Negamax,Negamax,9,vertical,True,True,3,"[0.9509, 2.8719, 1.7532, 1.8726]",1.86,"[5339, 16317, 10095, 11154]",10726.25,3,"[0.532, 2.0516, 1.6701, 2.1318, 1.422]",1.56,"[3125, 11993, 9586, 12574, 9297]",9315.0
Minimax,Negamax,12,lru,True,True,4,"[12.0997, 23.5762, 29.1556, 42.1393, 39.1124, 13.8468]",26.66,"[70351, 136469, 169096, 243849, 233797, 89074]",157106.0,4,"[3.1615, 7.1962, 8.6339, 9.5456, 21.7078, 11.8099]",10.34,"[17330, 39574, 47544, 52444, 123486, 72399]",58796.17
Minimax,Minimax,13,vertical,True,True,5,"[11.0603, 20.578, 58.011, 53.0319, 108.239, 60.5594, 54.6572]",52.31,"[57428, 84775, 272202, 247827, 561608, 324033, 294013]",263126.57,5,"[9.6125, 35.9668, 72.683, 61.5044, 71.4859, 45.7251]",49.5,"[55159, 191487, 396784, 351621, 402369, 265095]",277085.83
Minimax,Minimax,3,horizontal,True,True,1,"[0.008, 0.01]",0.01,"[37, 55]",46.0,1,[0.009],0.01,[37],37.0
Minimax,Minimax,13,vertical,True,True,2,"[0.233, 0.133, 0.214, 0.223, 0.209, 0.336, 0.1927]",0.22,"[1318, 757, 1202, 1252, 1141, 1919, 1117]",1243.71,2,"[0.124, 0.108, 0.122, 0.105, 0.169, 0.177]",0.13,"[699, 605, 707, 609, 946, 1046]",768.67
Minimax,Minimax,9,vertical,True,True,3,"[1.77, 2.4468, 2.2842, 2.5946, 0.9377]",2.01,"[10066, 13712, 12938, 15344, 6202]",11652.4,3,"[1.5648, 2.7767, 2.5941, 1.7256]",2.17,"[8795, 15819, 15099, 10445]",12539.5
Minimax,Minimax,11,lru,True,True,4,"[9.6185, 20.838, 35.957, 38.6616, 38.1465, 31.7625]",29.16,"[57270, 120883, 205614, 223879, 232256, 192877]",172129.83,4,"[2.8826, 8.868, 17.7833, 13.3215, 12.273]",11.03,"[15585, 48665, 99506, 76454, 71189]",62279.8
Minimax,Minimax,13,vertical,True,True,5,"[13.609, 20.519, 58.0195, 53.0791, 108.0884, 60.594, 54.4893]",52.63,"[69593, 84775, 272202, 247827, 561608, 324033, 294013]",264864.43,5,"[9.7033, 36.0074, 72.6806, 61.695, 71.5108, 45.5675]",49.53,"[55159, 191487, 396784, 351621, 402369, 265095]",277085.83
Minimax,Negamax,4,horizontal,True,True,1,"[0.009, 0.011]",0.01,"[37, 55]",46.0,1,"[0.006, 0.009]",0.01,"[19, 37]",28.0
Negamax,Minimax,12,lrd,True,True,2,"[0.063, 0.151, 0.1417, 0.148, 0.221, 0.225]",0.16,"[345, 866, 792, 841, 1247, 1318]",901.5,2,"[0.068, 0.1, 0.154, 0.119, 0.217, 0.111]",0.13,"[386, 551, 858, 663, 1217, 688]",727.17
Minimax,Negamax,12,vertical,True,True,3,"[0.8066, 1.1126, 1.7339, 3.0057, 2.4293, 1.1219]",1.7,"[4632, 6228, 9818, 17035, 14496, 7084]",9882.17,3,"[0.466, 1.057, 1.467, 2.8117, 2.2508, 2.5245]",1.76,"[2595, 6073, 8320, 16092, 13046, 15035]",10193.5
Minimax,Negamax,14,lrd,True,True,4,"[9.2398, 30.8798, 40.4824, 26.9144, 42.7586, 21.5312, 7.1513]",25.57,"[57303, 176831, 234265, 159467, 253288, 139210, 48628]",152713.14,4,"[2.1741, 3.633, 10.0375, 18.0696, 11.4902, 18.0242, 11.4305]",10.69,"[12674, 19693, 54734, 100767, 62703, 104335, 70783]",60812.71
Negamax,Negamax,13,horizontal,True,True,5,"[31.2917, 44.1987, 57.9082, 84.7676, 65.5168, 42.5176]",54.37,"[146585, 215956, 300736, 456040, 365139, 237440]",286982.67,5,"[11.6882, 24.8093, 67.9871, 56.2669, 56.337, 29.6085, 8.2725]",36.42,"[66505, 135734, 381384, 332022, 334307, 177649, 51221]",211260.29
Negamax,Negamax,7,vertical,True,True,1,"[0.009, 0.009, 0.012]",0.01,"[37, 37, 55]",43.0,1,"[0.005, 0.009, 0.011, 0.012]",0.01,"[19, 37, 55, 55]",41.5
Minimax,Minimax,13,lrd,True,True,2,"[0.145, 0.147, 0.2408, 0.133, 0.222, 0.336, 0.194]",0.2,"[832, 834, 1376, 792, 1265, 1912, 1156]",1166.71,2,"[0.149, 0.103, 0.118, 0.146, 0.2751, 0.19]",0.16,"[856, 571, 649, 787, 1517, 1082]",910.33
Minimax,Minimax,13,lru,True,True,3,"[0.5505, 0.711, 1.3325, 2.0518, 1.7214, 1.8651, 1.1542]",1.34,"[3238, 3993, 7430, 11941, 9658, 11180, 7753]",7884.71,3,"[0.4901, 1.2374, 1.2272, 1.463, 2.9744, 2.1701]",1.59,"[2870, 6990, 6883, 8157, 16635, 12840]",9062.5
Minimax,Minimax,9,vertical,True,True,4,"[19.7083, 15.0382, 34.34, 43.4572, 37.9831]",30.11,"[116162, 86688, 196163, 249795, 221595]",174080.6,4,"[4.2497, 9.0962, 19.4216, 23.2387]",14.0,"[24975, 49764, 107972, 132010]",78680.25
Minimax,Negamax,10,vertical,True,True,5,"[20.644, 48.0906, 70.3842, 183.1969, 40.2593]",72.52,"[91524, 230163, 352737, 965367, 243373]",376632.8,5,"[7.2876, 25.1104, 38.501, 94.0199, 104.0093]",53.79,"[38768, 135215, 212212, 533488, 625506]",309037.8
Minimax,Negamax,6,vertical,True,True,1,"[0.008, 0.009, 0.012]",0.01,"[37, 37, 55]",43.0,1,"[0.006, 0.009, 0.011]",0.01,"[19, 37, 55]",37.0
Minimax,Minimax,13,lrd,True,True,2,"[0.061, 0.146, 0.2412, 0.133, 0.2263, 0.336, 0.1959]",0.19,"[345, 834, 1376, 792, 1265, 1912, 1156]",1097.14,2,"[0.059, 0.102, 0.117, 0.143, 0.2754, 0.19]",0.15,"[324, 571, 649, 787, 1517, 1082]",821.67
Minimax,Minimax,9,lru,True,True,3,"[0.532, 1.351, 1.6395, 2.1509, 1.305]",1.4,"[3142, 7901, 9274, 12407, 8070]",8158.8,3,"[0.9374, 1.9152, 1.5804, 2.1086]",1.64,"[5335, 10961, 9249, 12722]",9566.75
Minimax,Negamax,12,vertical,True,True,4,"[8.6788, 25.4306, 28.0416, 33.5647, 41.9661, 28.3786]",27.68,"[53765, 146259, 163973, 196395, 242639, 169145]",162029.33,4,"[2.1718, 3.697, 9.0273, 8.3744, 18.6918, 16.6949]",9.78,"[12714, 19912, 49345, 46725, 107416, 95858]",55328.33
Negamax,Negamax,13,lru,True,True,5,"[16.871, 70.5996, 144.5669, 233.254, 104.14, 64.8706]",105.72,"[74142, 319612, 697836, 1221968, 559221, 366494]",539878.83,5,"[11.386, 32.0188, 102.1763, 196.3708, 168.4109, 77.2831, 21.5783]",87.03,"[61003, 171255, 558546, 1105440, 968749, 461226, 141825]",495434.86
Minimax,Negamax,4,horizontal,True,True,1,"[0.008, 0.01]",0.01,"[37, 55]",46.0,1,"[0.006, 0.008]",0.01,"[19, 37]",28.0
Negamax,Minimax,12,vertical,True,True,2,"[0.074, 0.285, 0.4127, 0.373, 0.437, 0.221]",0.3,"[422, 1640, 2355, 2158, 2479, 1292]",1724.33,2,"[0.134, 0.192, 0.318, 0.273, 0.2091, 0.121]",0.21,"[761, 1097, 1772, 1517, 1181, 702]",1171.67
Negamax,Negamax,11,vertical,True,True,3,"[0.887, 1.4681, 3.059, 3.093, 1.8041]",2.06,"[4973, 8260, 17349, 17495, 10849]",11785.2,3,"[0.4271, 0.9553, 1.7081, 2.1907, 2.9799, 1.4741]",1.62,"[2392, 5431, 9698, 12727, 17356, 9105]",9451.5
Negamax,Negamax,9,vertical,True,True,4,"[18.2852, 55.6615, 51.465, 37.616]",40.76,"[106799, 322584, 300403, 231777]",240390.75,4,"[3.1689, 8.2866, 25.8994, 13.1487, 10.8803]",12.28,"[17256, 45790, 144973, 75321, 66183]",69904.6
Minimax,Minimax,13,horizontal,True,True,5,"[33.1677, 58.0113, 133.134, 185.6746, 98.8779, 73.3951, 14.0457]",85.19,"[149383, 273471, 656793, 957563, 542250, 425159, 85305]",441417.71,5,"[32.0568, 67.1295, 139.3887, 171.7783, 82.841, 51.2386]",90.74,"[170735, 369378, 788965, 998960, 493658, 317972]",523278.0
Minimax,Minimax,3,vertical,True,True,1,"[0.008, 0.012]",0.01,"[37, 55]",46.0,1,[0.012],0.01,[55],55.0
Negamax,Minimax,12,lrd,True,True,2,"[0.061, 0.144, 0.229, 0.127, 0.227, 0.2321]",0.17,"[345, 825, 1303, 751, 1247, 1318]",964.83,2,"[0.061, 0.095, 0.146, 0.12, 0.216, 0.1129]",0.13,"[335, 528, 814, 663, 1217, 688]",707.5
Negamax,Negamax,14,lru,True,True,3,"[0.8714, 1.548, 2.6669, 2.1621, 2.2184, 1.7149, 0.588]",1.68,"[4980, 8711, 14887, 12419, 13151, 10358, 3718]",9746.29,3,"[0.446, 1.1619, 1.666, 2.1322, 1.827, 1.848, 0.87]",1.42,"[2512, 6616, 9303, 12164, 11131, 11380, 6045]",8450.14
Negamax,Minimax,14,lrd,True,True,4,"[9.4937, 15.1717, 41.9541, 61.0452, 58.5775, 55.9476, 27.1443]",38.48,"[56207, 90939, 239443, 348369, 336133, 335468, 169267]",225118.0,4,"[6.1173, 9.3135, 19.5053, 12.8401, 23.5222, 14.9314, 8.0758]",13.47,"[34284, 50640, 108286, 73161, 134659, 88161, 49736]",76989.57
Negamax,Minimax,12,horizontal,True,True,5,"[14.4032, 35.9003, 86.2362, 69.6506, 71.7584, 87.194]",60.86,"[67022, 162715, 422341, 352792, 399232, 502787]",317814.83,5,"[13.4198, 47.2914, 65.9316, 58.2498, 46.4089, 34.7358]",44.34,"[71578, 259088, 370322, 341306, 290358, 225128]",259630.0
Negamax,Negamax,9,vertical,True,True,1,"[0.005, 0.009, 0.012, 0.012]",0.01,"[19, 37, 55, 55]",41.5,1,"[0.005, 0.005, 0.008, 0.012, 0.022]",0.01,"[19, 19, 37, 55, 73]",40.6
Negamax,Minimax,10,vertical,True,True,2,"[0.068, 0.145, 0.136, 0.353, 0.293]",0.2,"[385, 829, 756, 1989, 1777]",1147.2,2,"[0.061, 0.0981, 0.165, 0.275, 0.121]",0.14,"[348, 547, 923, 1520, 722]",812.0
Negamax,Negamax,9,lru,True,True,3,"[0.956, 1.7116, 1.7552, 2.0067]",1.61,"[5338, 9636, 9810, 11576]",9090.0,3,"[0.611, 1.3336, 1.596, 1.8375, 1.8598]",1.45,"[3409, 7568, 9097, 10663, 11304]",8408.2
Minimax,Minimax,9,lrd,True,True,4,"[9.4718, 21.4049, 47.9064, 41.0164, 17.9513]",27.55,"[54884, 123781, 278132, 245139, 112114]",162810.0,4,"[5.9116, 12.9706, 17.9247, 11.1624]",11.99,"[32695, 73332, 105141, 67616]",69696.0
Minimax,Negamax,10,lrd,True,True,5,"[32.053, 74.8731, 114.9649, 58.5714, 21.8459]",60.46,"[147962, 374745, 610549, 300544, 115880]",309936.0,5,"[13.6683, 42.4423, 95.434, 46.2826, 23.4001]",44.25,"[72862, 232918, 536161, 268780, 140316]",250207.4
Negamax,Negamax,3,vertical,True,True,1,[0.012],0.01,[55],55.0,1,"[0.008, 0.011]",0.01,"[37, 55]",46.0
Negamax,Negamax,13,vertical,True,True,2,"[0.06, 0.147, 0.226, 0.2261, 0.2148, 0.311]",0.2,"[371, 832, 1308, 1305, 1247, 1797]",1143.33,2,"[0.066, 0.075, 0.127, 0.154, 0.152, 0.2953, 0.133]",0.14,"[364, 419, 712, 849, 828, 1644, 827]",806.14
Minimax,Negamax,10,vertical,True,True,3,"[1.7504, 1.087, 1.7832, 2.3611, 1.5442]",1.71,"[9970, 6054, 9984, 13815, 10147]",9994.0,3,"[0.952, 1.1697, 1.7838, 1.9132, 2.1589]",1.6,"[5494, 6688, 10100, 11032, 13067]",9276.2
Minimax,Negamax,6,vertical,True,True,4,"[15.2564, 28.4499, 28.7071]",24.14,"[88472, 166629, 168454]",141185.0,4,"[2.7212, 7.9681, 19.2168]",9.97,"[14807, 44416, 108875]",56032.67
Negamax,Negamax,9,vertical,True,True,5,"[33.4664, 58.9314, 62.3719, 30.3629]",46.28,"[156044, 290074, 331350, 162574]",235010.5,5,"[12.3931, 50.6221, 56.1646, 86.8336, 21.665]",45.54,"[69873, 288857, 322697, 509402, 138953]",265956.4
Minimax,Minimax,3,vertical,True,True,1,"[0.009, 0.011]",0.01,"[37, 55]",46.0,1,[0.012],0.01,[55],55.0
Minimax,Negamax,10,vertical,True,True,2,"[0.152, 0.153, 0.2426, 0.415, 0.179]",0.23,"[859, 868, 1346, 2346, 1129]",1309.6,2,"[0.082, 0.14, 0.113, 0.21, 0.191]",0.15,"[453, 785, 619, 1183, 1133]",834.6
Negamax,Negamax,11,lrd,True,True,3,"[0.917, 1.9925, 1.6433, 3.2796, 3.2671]",2.22,"[5153, 11210, 9160, 18358, 18632]",12502.6,3,"[0.519, 1.284, 1.3439, 2.8908, 4.4644, 2.9715]",2.25,"[3059, 7515, 7533, 16292, 25806, 16997]",12867.0
Minimax,Negamax,12,vertical,True,True,4,"[8.6723, 25.4644, 28.1321, 33.8602, 41.8805, 28.2864]",27.72,"[53765, 146259, 163973, 196395, 242639, 169145]",162029.33,4,"[2.1692, 3.708, 9.0701, 8.4195, 18.6449, 16.7616]",9.8,"[12714, 19912, 49345, 46725, 107416, 95858]",55328.33
Minimax,Negamax,8,lru,True,True,5,"[16.9986, 54.2583, 74.1085, 48.4486]",48.45,"[75251, 267408, 374660, 273406]",247681.25,5,"[11.8102, 29.1478, 66.8235, 88.3694]",49.04,"[64664, 156964, 370642, 508965]",275308.75
Negamax,Negamax,7,vertical,True,True,1,"[0.005, 0.008, 0.012]",0.01,"[19, 37, 55]",37.0,1,"[0.004, 0.005, 0.012, 0.011]",0.01,"[19, 19, 55, 55]",37.0
Minimax,Negamax,12,lrd,True,True,2,"[0.067, 0.199, 0.157, 0.2466, 0.425, 0.2384]",0.22,"[380, 1139, 886, 1371, 2415, 1449]",1273.33,2,"[0.059, 0.1031, 0.1085, 0.115, 0.191, 0.1868]",0.13,"[327, 567, 600, 671, 1051, 1093]",718.17
Negamax,Minimax,12,vertical,True,True,3,"[0.374, 1.0407, 1.6977, 2.5065, 2.8764, 1.4184]",1.65,"[2058, 5795, 9427, 14227, 16546, 8194]",9374.5,3,"[0.58, 1.2545, 1.6303, 3.1827, 1.434, 1.0533]",1.52,"[3256, 7141, 9230, 18278, 8813, 6756]",8912.33
Minimax,Negamax,12,lrd,True,True,4,"[14.3759, 29.1992, 25.1758, 38.3367, 42.8798, 28.3371]",29.72,"[85608, 169569, 146121, 224973, 255104, 174077]",175908.67,4,"[2.4133, 6.1186, 9.3311, 13.4759, 17.7099, 15.8213]",10.81,"[13660, 33380, 51114, 75592, 100644, 91359]",60958.17
Minimax,Minimax,13,lrd,True,True,5,"[17.9691, 65.0831, 197.7546, 93.1376, 39.8332, 51.4868, 33.7654]",71.29,"[76395, 302375, 966268, 479723, 227992, 289491, 204811]",363865.0,5,"[31.7298, 92.3876, 138.0676, 66.3928, 92.5264, 68.7757]",81.65,"[169297, 502800, 782008, 388682, 556081, 423553]",470403.5
Minimax,Negamax,8,vertical,True,True,1,"[0.008, 0.012, 0.016, 0.012]",0.01,"[37, 55, 73, 55]",55.0,1,"[0.005, 0.008, 0.011, 0.012]",0.01,"[19, 37, 55, 55]",41.5
Minimax,Minimax,13,vertical,True,True,2,"[0.066, 0.148, 0.207, 0.181, 0.2222, 0.28, 0.217]",0.19,"[368, 859, 1175, 1018, 1236, 1622, 1333]",1087.29,2,"[0.11, 0.105, 0.128, 0.12, 0.165, 0.132]",0.13,"[622, 634, 713, 664, 926, 798]",726.17
Minimax,Minimax,13,lru,True,True,3,"[0.5675, 0.686, 1.3435, 2.0638, 1.7242, 1.8631, 1.1607]",1.34,"[3332, 3863, 7430, 11941, 9658, 11180, 7753]",7879.57,3,"[0.502, 1.242, 1.2287, 1.459, 2.9676, 2.1525]",1.59,"[2871, 6990, 6883, 8157, 16635, 12840]",9062.67
Minimax,Minimax,13,vertical,True,True,4,"[8.867, 19.8359, 59.1661, 92.6306, 36.1947, 39.1591, 12.3186]",38.31,"[51466, 113969, 334636, 524944, 208768, 233820, 74340]",220277.57,4,"[5.7384, 15.119, 32.4072, 34.5862, 25.9514, 12.7962]",21.1,"[31712, 84507, 179442, 194007, 149838, 76390]",119316.0
Minimax,Negamax,14,horizontal,True,True,5,"[20.8343, 46.602, 71.161, 61.3679, 68.8472, 22.72, 3.5341]",42.15,"[92018, 225669, 369664, 335972, 379948, 125637, 23171]",221725.57,5,"[7.2575, 25.1108, 58.9292, 58.9601, 64.6415, 28.1285, 8.6563]",35.95,"[38529, 134561, 326818, 338878, 384004, 166566, 55889]",206463.57
Negamax,Negamax,9,vertical,True,True,1,"[0.005, 0.009, 0.012, 0.011]",0.01,"[19, 37, 55, 55]",41.5,1,"[0.005, 0.005, 0.008, 0.012, 0.015]",0.01,"[19, 19, 37, 55, 73]",40.6
Minimax,Minimax,15,vertical,True,True,2,"[0.065, 0.197, 0.167, 0.256, 0.178, 0.383, 0.28, 0.123]",0.21,"[369, 1137, 935, 1466, 953, 2176, 1566, 697]",1162.38,2,"[0.085, 0.108, 0.0993, 0.102, 0.161, 0.2, 0.2305]",0.14,"[473, 603, 589, 607, 886, 1119, 1392]",809.86
Minimax,Minimax,3,horizontal,True,True,3,"[0.7162, 0.605]",0.66,"[4262, 3918]",4090.0,3,[0.491],0.49,[3003],3003.0
Negamax,Minimax,14,horizontal,True,True,4,"[8.2011, 13.8364, 37.2398, 46.9676, 64.415, 48.0966, 14.8909]",33.38,"[49684, 79649, 211492, 266291, 367166, 295187, 98845]",195473.43,4,"[2.4809, 8.228, 10.8266, 24.0529, 15.5821, 9.622, 3.6212]",10.63,"[14740, 45216, 60036, 136053, 90897, 56943, 23134]",61002.71
Negamax,Minimax,12,horizontal,True,True,5,"[13.3892, 35.7642, 86.184, 69.8275, 71.7411, 87.346]",60.71,"[60947, 162715, 422341, 352792, 399232, 502787]",316802.33,5,"[13.4689, 47.2478, 65.9334, 58.2418, 46.8289, 34.8769]",44.43,"[71751, 259088, 370322, 341306, 290358, 225128]",259658.83
Negamax,Minimax,8,vertical,True,True,1,"[0.005, 0.008, 0.012, 0.0123]",0.01,"[19, 37, 55, 55]",41.5,1,"[0.009, 0.012, 0.016, 0.013]",0.01,"[37, 55, 73, 55]",55.0
Minimax,Minimax,15,horizontal,True,True,2,"[0.062, 0.08, 0.178, 0.162, 0.188, 0.301, 0.3243, 0.163]",0.18,"[344, 432, 986, 901, 1031, 1721, 1822, 944]",1022.62,2,"[0.053, 0.121, 0.111, 0.1545, 0.1816, 0.245, 0.2367]",0.16,"[324, 680, 611, 884, 1003, 1384, 1434]",902.86
Negamax,Minimax,10,vertical,True,True,3,"[0.357, 0.888, 1.6481, 1.8898, 2.5129]",1.46,"[1935, 4942, 9261, 10663, 14271]",8214.4,3,"[0.522, 1.1079, 1.3688, 1.7792, 1.496]",1.25,"[2910, 6270, 7824, 10302, 8970]",7255.2
Minimax,Minimax,13,vertical,True,True,4,"[18.2261, 14.0846, 36.5853, 50.4059, 87.7253, 61.5502, 15.9942]",40.65,"[107708, 81188, 208342, 288914, 498874, 355733, 94283]",233577.43,4,"[2.3324, 8.2279, 10.6393, 11.0325, 30.1562, 8.904]",11.88,"[14088, 45187, 58832, 63797, 168193, 49875]",66662.0
Minimax,Minimax,15,lru,True,True,3,"[0.446, 0.9344, 1.7722, 4.7368, 4.3125, 2.1443, 1.0629, 0.6498]",2.01,"[2503, 5205, 9853, 26531, 24440, 12658, 6533, 4616]",11542.38,3,"[0.588, 1.1202, 2.5723, 2.7379, 3.581, 1.7116, 0.9061]",1.89,"[3166, 6344, 14251, 15349, 20772, 10610, 5744]",10890.86
Minimax,Negamax,14,lrd,True,True,2,"[0.065, 0.15, 0.153, 0.156, 0.2593, 0.3951, 0.168]",0.19,"[397, 840, 854, 866, 1455, 2262, 970]",1092.0,2,"[0.088, 0.081, 0.128, 0.121, 0.182, 0.1801, 0.163]",0.13,"[487, 428, 716, 682, 1017, 993, 963]",755.14
Minimax,Negamax,12,vertical,True,True,4,"[7.7287, 23.4614, 42.4534, 41.825, 30.7173, 21.9747]",28.03,"[47471, 134843, 238718, 249471, 193235, 136053]",166631.83,2,"[0.104, 0.008, 0.009, 0.017, 0.009, 0.008]",0.03,"[576, 20, 20, 56, 8, 8]",114.67
