winner,starter,total_turns,win_direction,ab_pruning,t_tables,depth,turn_times,average_turn_time,turn_nodes,average_turn_nodes
Minimax,Random,8,horizontal,True,True,1,"[0.005, 0.005, 0.008, 0.008]",0.01,"[19, 19, 37, 37]",28.0

Minimax,Random,12,horizontal,True,True,2,"[0.06, 0.067, 0.064, 0.127, 0.2461, 0.135]",0.12,"[343, 388, 364, 726, 1384, 779]",664.0

Minimax,Minimax,17,horizontal,True,True,3,"[0.001, 0.512, 0.566, 1.1663, 1.7062, 1.356, 1.5127, 1.027, 0.6454]",0.94,"[1, 2902, 3169, 6610, 9722, 8109, 10099, 6587, 4281]",5720.0

Minimax,Minimax,17,vertical,True,True,4,"[0.001, 9.0917, 14.275, 14.6323, 38.6056, 47.4055, 69.7147, 19.9554, 17.0695]",25.64,"[1, 53313, 84936, 88298, 220025, 267883, 400796, 118836, 107496]",149064.89

Minimax,Minimax,15,vertical,True,True,5,"[0.002, 13.4165, 17.7634, 31.8705, 52.9118, 31.0424, 27.1692, 22.3859]",24.57,"[1, 60852, 75545, 148979, 277718, 178036, 165895, 150163]",132148.62

Minimax,Minimax,7,horizontal,True,True,1,"[0.002, 0.005, 0.008, 0.007]",0.01,"[1, 19, 37, 37]",23.5

Minimax,Minimax,11,horizontal,True,True,2,"[0.003, 0.061, 0.077, 0.131, 0.137, 0.139]",0.09,"[1, 343, 431, 749, 775, 804]",517.17

Minimax,Minimax,16,lrd,True,True,3,"[0.001, 0.4161, 0.8347, 1.001, 1.1808, 1.069, 1.5287, 1.654]",0.96,"[1, 2343, 4774, 5652, 7179, 7094, 10034, 9968]",5880.62

Minimax,Random,8,horizontal,True,True,4,"[6.0685, 9.5791, 16.5378, 10.3408]",10.63,"[35690, 57149, 97135, 62002]",62994.0

Minimax,Minimax,9,vertical,True,True,5,"[0.001, 13.5113, 18.2971, 54.8847, 129.6161]",43.26,"[1, 60431, 77452, 257354, 654688]",209985.2

Minimax,Random,8,horizontal,True,True,1,"[0.004, 0.005, 0.008, 0.007]",0.01,"[19, 19, 37, 37]",28.0

Minimax,Random,10,vertical,True,True,2,"[0.059, 0.062, 0.145, 0.216, 0.255]",0.15,"[343, 356, 832, 1244, 1473]",849.6

Minimax,Random,12,horizontal,True,True,3,"[0.3474, 0.413, 0.576, 1.3771, 1.4688, 1.0067]",0.86,"[1948, 2337, 3263, 7857, 8652, 6231]",5048.0

Minimax,Random,8,horizontal,True,True,4,"[5.9144, 7.0622, 12.1289, 10.0591]",8.79,"[34907, 43616, 74251, 60436]",53302.5

Minimax,Random,12,horizontal,True,True,5,"[8.8472, 12.4193, 15.2816, 23.8644, 47.4826, 21.743]",21.61,"[38005, 57116, 65900, 100125, 222419, 112921]",99414.33

Minimax,Random,12,vertical,True,True,1,"[0.005, 0.008, 0.005, 0.008, 0.008, 0.011]",0.01,"[19, 37, 19, 37, 37, 55]",34.0

Minimax,Minimax,11,vertical,True,True,2,"[0.002, 0.065, 0.1353, 0.072, 0.2053, 0.2195]",0.12,"[1, 372, 780, 406, 1156, 1237]",658.67

Minimax,Minimax,11,vertical,True,True,3,"[0.002, 0.465, 1.1061, 3.3595, 3.7286, 1.9284]",1.76,"[1, 2656, 6359, 19590, 22253, 11689]",10424.67

Minimax,Minimax,13,vertical,True,True,4,"[0.002, 8.0508, 8.6249, 25.0711, 37.1609, 50.6801, 29.8292]",22.77,"[1, 47462, 51628, 144950, 217636, 298916, 186446]",135291.29

Minimax,Random,14,vertical,True,True,5,"[8.6356, 11.8139, 16.4002, 23.8231, 36.1739, 34.3134, 17.8178]",21.28,"[37039, 54760, 69252, 100239, 164434, 168878, 108560]",100451.71

Minimax,Minimax,7,horizontal,True,True,1,"[0.002, 0.008, 0.008, 0.006]",0.01,"[1, 37, 37, 37]",28.0

Minimax,Minimax,13,vertical,True,True,2,"[0.002, 0.061, 0.064, 0.08, 0.198, 0.24, 0.168]",0.12,"[1, 343, 362, 437, 1118, 1332, 973]",652.29

Minimax,Minimax,13,lru,True,True,3,"[0.002, 0.5104, 0.3782, 0.6755, 2.0898, 3.0171, 1.6452]",1.19,"[1, 2884, 2058, 3778, 11728, 17187, 10119]",6822.14

Minimax,Random,10,vertical,True,True,4,"[6.1743, 8.2267, 11.9594, 39.4504, 44.3478]",22.03,"[36144, 49296, 68771, 224592, 253723]",126505.2

Minimax,Random,14,vertical,True,True,5,"[8.9233, 12.7308, 18.0057, 58.1584, 67.0296, 71.4282, 38.941]",39.32,"[37693, 60796, 77787, 279180, 312753, 370693, 239065]",196852.43

Minimax,Minimax,13,vertical,True,True,1,"[0.002, 0.005, 0.009, 0.006, 0.008, 0.008, 0.011]",0.01,"[1, 19, 37, 19, 37, 37, 55]",29.29

Minimax,Minimax,7,horizontal,True,True,2,"[0.002, 0.06, 0.062, 0.0957]",0.05,"[1, 343, 354, 563]",315.25

Minimax,Random,14,vertical,True,True,3,"[0.3521, 0.4681, 1.1205, 1.7282, 2.643, 1.8847, 1.2428]",1.35,"[1983, 2618, 6393, 9611, 15030, 11519, 8052]",7886.57

Minimax,Random,14,lrd,True,True,4,"[5.9694, 8.2869, 6.984, 25.3818, 45.3326, 67.9783, 43.3417]",29.04,"[34907, 50324, 43213, 146264, 258213, 387728, 253839]",167784.0

Minimax,Minimax,9,vertical,True,True,5,"[0.002, 13.3228, 18.0793, 53.407, 98.1143]",36.59,"[1, 59353, 76395, 254800, 508480]",179805.8

Minimax,Random,12,vertical,True,True,1,"[0.005, 0.005, 0.008, 0.012, 0.008, 0.011]",0.01,"[19, 19, 37, 55, 37, 55]",37.0

Minimax,Random,10,vertical,True,True,2,"[0.06, 0.062, 0.0681, 0.149, 0.197]",0.11,"[344, 356, 391, 851, 1131]",614.6

Minimax,Random,10,vertical,True,True,3,"[0.369, 0.488, 0.5699, 1.4341, 1.5055]",0.87,"[2063, 2777, 3218, 8081, 8497]",4927.2

Minimax,Minimax,11,horizontal,True,True,4,"[0.002, 7.9384, 8.0847, 22.3347, 25.4895, 26.0898]",14.99,"[1, 46285, 46764, 127894, 148219, 153738]",87150.17

Minimax,Minimax,13,vertical,True,True,5,"[0.002, 13.1023, 16.4792, 44.9041, 46.4129, 46.5719, 54.0765]",31.65,"[1, 59353, 72399, 220430, 228815, 244989, 305222]",161601.29

Minimax,Minimax,7,horizontal,True,True,1,"[0.003, 0.005, 0.005, 0.007]",0.01,"[1, 19, 19, 37]",19.0

Minimax,Minimax,11,horizontal,True,True,2,"[0.002, 0.061, 0.065, 0.132, 0.255, 0.1592]",0.11,"[1, 346, 368, 756, 1454, 926]",641.83

Minimax,Minimax,15,lrd,True,True,3,"[0.002, 0.427, 0.434, 1.1264, 1.53, 1.239, 1.569, 0.7822]",0.89,"[1, 2394, 2603, 6258, 8641, 7515, 9959, 5399]",5346.25

Minimax,Minimax,13,horizontal,True,True,4,"[0.002, 7.5549, 9.4699, 20.1843, 30.834, 50.5756, 31.853]",21.5,"[1, 44099, 56207, 115936, 180076, 295297, 186893]",125501.29

Minimax,Random,16,lru,True,True,5,"[8.8515, 12.6909, 14.2403, 42.2438, 58.7476, 73.7411, 40.8238, 53.4711]",38.1,"[38005, 58636, 62141, 197460, 267794, 406348, 238131, 304305]",196602.5

Minimax,Minimax,7,horizontal,True,True,1,"[0.002, 0.005, 0.008, 0.008]",0.01,"[1, 19, 37, 37]",23.5

Minimax,Minimax,7,horizontal,True,True,2,"[0.002, 0.0671, 0.1432, 0.11]",0.08,"[1, 353, 816, 648]",454.5

Minimax,Random,10,vertical,True,True,3,"[0.371, 0.5305, 0.9996, 1.2696, 1.622]",0.96,"[2089, 2967, 5529, 7179, 9596]",5472.0

Minimax,Minimax,17,vertical,True,True,4,"[0.002, 9.3926, 20.5804, 23.4495, 30.4239, 26.5817, 20.1802, 19.455, 9.8393]",17.77,"[1, 55249, 120065, 135985, 174770, 154802, 118279, 116695, 60835]",104075.67

Minimax,Minimax,7,horizontal,True,True,5,"[0.002, 11.5517, 27.1831, 20.2552]",14.75,"[1, 52431, 132089, 109224]",73436.25

Minimax,Random,12,vertical,True,True,1,"[0.005, 0.005, 0.008, 0.008, 0.012, 0.014]",0.01,"[19, 19, 37, 37, 55, 73]",40.0

Minimax,Random,12,horizontal,True,True,2,"[0.061, 0.06, 0.066, 0.133, 0.252, 0.171]",0.12,"[343, 344, 373, 758, 1428, 991]",706.17

Minimax,Minimax,17,vertical,True,True,3,"[0.002, 0.4159, 0.5321, 0.8878, 1.2717, 1.0876, 1.3471, 1.1066, 1.5262]",0.91,"[1, 2336, 3001, 4944, 7486, 7095, 8550, 7286, 9625]",5591.56

Minimax,Minimax,9,vertical,True,True,4,"[0.002, 8.1899, 8.1084, 21.4105, 37.6982]",15.08,"[1, 48273, 47419, 124250, 219285]",87845.6

Minimax,Minimax,7,horizontal,True,True,5,"[0.002, 11.8078, 25.3849, 45.3208]",20.63,"[1, 54520, 128215, 233440]",104044.0

Minimax,Minimax,9,vertical,True,True,1,"[0.002, 0.006, 0.006, 0.009, 0.011]",0.01,"[1, 19, 19, 37, 55]",26.2

Minimax,Random,12,horizontal,True,True,2,"[0.061, 0.0627, 0.0706, 0.1445, 0.23, 0.18]",0.12,"[343, 343, 399, 826, 1301, 1020]",705.33

Minimax,Minimax,13,lru,True,True,3,"[0.002, 0.523, 1.0075, 1.102, 1.2083, 1.7173, 1.7432]",1.04,"[1, 2969, 5659, 6208, 6921, 10230, 11086]",6153.43

Minimax,Random,10,vertical,True,True,4,"[6.1963, 7.992, 17.2431, 52.1034, 68.7431]",30.46,"[36411, 47950, 100187, 299280, 394087]",175583.0

Minimax,Random,14,vertical,True,True,5,"[8.8183, 12.4023, 17.8657, 41.4442, 53.5158, 30.2712, 53.9201]",31.18,"[37450, 57624, 76811, 192491, 255420, 161577, 293181]",153507.71

Minimax,Minimax,7,horizontal,True,True,1,"[0.003, 0.006, 0.008, 0.007]",0.01,"[1, 19, 37, 37]",23.5

Minimax,Minimax,7,horizontal,True,True,2,"[0.002, 0.06, 0.067, 0.099]",0.06,"[1, 343, 373, 586]",325.75

Minimax,Random,14,vertical,True,True,3,"[0.357, 0.3663, 0.542, 1.134, 1.5413, 0.8131, 0.633]",0.77,"[2008, 2037, 3033, 6378, 9103, 5017, 4144]",4531.43

Minimax,Random,14,vertical,True,True,4,"[5.907, 7.4831, 8.6594, 31.6826, 30.4801, 47.4451, 37.6281]",24.18,"[34907, 46044, 53765, 182727, 177050, 270910, 224768]",141453.0

Minimax,Random,14,vertical,True,True,5,"[8.7455, 24.2751, 31.3228, 41.5579, 22.1017, 26.4907, 19.9331]",24.92,"[37693, 115916, 148871, 206022, 105398, 144211, 114157]",124609.71

Minimax,Minimax,9,vertical,True,True,1,"[0.002, 0.005, 0.006, 0.008, 0.011]",0.01,"[1, 19, 19, 37, 55]",26.2

Minimax,Minimax,13,horizontal,True,True,2,"[0.002, 0.061, 0.063, 0.135, 0.197, 0.2595, 0.109]",0.12,"[1, 343, 361, 768, 1115, 1461, 631]",668.57

Minimax,Random,11,vertical,True,True,3,"[0.3721, 0.5748, 1.5932, 1.0191, 1.9311]",1.1,"[2089, 3262, 9105, 5782, 11053]",6258.2

Minimax,Minimax,9,vertical,True,True,4,"[0.002, 7.0388, 14.1333, 31.644, 25.672]",15.7,"[1, 41470, 83969, 188207, 151105]",92950.4

Minimax,Minimax,15,lru,True,True,5,"[0.003, 11.9536, 14.4176, 31.129, 53.3868, 30.2847, 32.1747, 29.6488]",25.37,"[1, 55179, 68669, 145886, 277383, 161300, 183825, 177260]",133687.88

Minimax,Minimax,11,vertical,True,True,1,"[0.003, 0.005, 0.006, 0.006, 0.009, 0.012]",0.01,"[1, 19, 19, 19, 37, 55]",25.0

Minimax,Random,12,horizontal,True,True,2,"[0.0632, 0.0606, 0.072, 0.232, 0.217, 0.179]",0.14,"[343, 345, 408, 1324, 1246, 1022]",781.33

Minimax,Minimax,11,vertical,True,True,3,"[0.002, 0.509, 0.372, 0.678, 2.0127, 1.5865]",0.86,"[1, 2884, 2058, 3778, 11393, 9125]",4873.17

Minimax,Random,12,vertical,True,True,4,"[6.0432, 10.3384, 8.9663, 25.9907, 32.2809, 24.2878]",17.98,"[35690, 62173, 55785, 151177, 188354, 143614]",106132.17

Minimax,Random,12,vertical,True,True,5,"[8.8574, 15.2783, 14.6597, 44.1172, 22.0556, 28.7263]",22.28,"[38005, 70407, 64989, 213051, 104694, 146995]",106356.83

Minimax,Random,12,vertical,True,True,1,"[0.005, 0.005, 0.005, 0.008, 0.02, 0.012]",0.01,"[19, 19, 19, 37, 37, 55]",31.0

Minimax,Random,8,horizontal,True,True,2,"[0.059, 0.061, 0.199, 0.115]",0.11,"[343, 344, 1146, 667]",625.0

Minimax,Minimax,13,horizontal,True,True,3,"[0.002, 0.521, 1.0206, 1.543, 1.4235, 2.3321, 1.4983]",1.19,"[1, 2969, 5693, 8671, 8050, 13785, 9814]",6997.57

Minimax,Random,14,vertical,True,True,4,"[5.8939, 6.9912, 8.9934, 27.7439, 57.363, 58.4743, 23.4189]",26.98,"[34907, 43001, 56100, 160529, 330756, 340616, 144796]",158672.14

Minimax,Minimax,13,vertical,True,True,5,"[0.003, 11.2998, 11.5491, 29.7416, 56.2361, 76.384, 37.9622]",31.88,"[1, 52130, 59614, 135203, 262880, 371946, 214819]",156656.14

Minimax,Minimax,7,horizontal,True,True,1,"[0.003, 0.006, 0.009, 0.007]",0.01,"[1, 19, 37, 37]",23.5

Minimax,Minimax,7,horizontal,True,True,2,"[0.002, 0.062, 0.066, 0.097]",0.06,"[1, 348, 369, 571]",322.25

Minimax,Minimax,7,horizontal,True,True,3,"[0.003, 0.4265, 0.4635, 1.0286]",0.48,"[1, 2394, 2733, 6277]",2851.25

Minimax,Random,8,horizontal,True,True,4,"[6.0474, 7.0026, 13.0109, 19.3871]",11.36,"[35820, 43001, 80203, 113999]",68255.75

Minimax,Random,12,horizontal,True,True,5,"[8.6933, 11.5912, 16.8287, 42.42, 75.7566, 42.0093]",32.88,"[37278, 56826, 75251, 199172, 390260, 232840]",165271.17

Minimax,Minimax,13,vertical,True,True,1,"[0.002, 0.006, 0.009, 0.017, 0.011, 0.008, 0.01]",0.01,"[1, 19, 37, 37, 37, 37, 55]",31.86

Minimax,Random,10,vertical,True,True,2,"[0.061, 0.061, 0.07, 0.139, 0.169]",0.1,"[343, 345, 395, 795, 991]",573.8

Minimax,Random,12,vertical,True,True,3,"[0.355, 0.4201, 0.9855, 1.2675, 1.5086, 1.6756]",1.04,"[1983, 2347, 5658, 7144, 8641, 9751]",5920.67

Minimax,Minimax,7,horizontal,True,True,4,"[0.002, 7.0832, 6.8864, 11.643]",6.4,"[1, 41369, 42476, 69896]",38435.5

Minimax,Random,13,vertical,True,True,5,"[8.753, 15.8109, 15.0916, 40.4142, 51.2612, 30.8742]",27.03,"[37450, 68056, 65900, 196539, 259486, 157264]",130782.5

Minimax,Random,14,vertical,True,True,1,"[0.007, 0.009, 0.008, 0.008, 0.008, 0.014, 0.011]",0.01,"[19, 37, 37, 37, 37, 73, 55]",42.14

Minimax,Minimax,11,vertical,True,True,2,"[0.003, 0.061, 0.07, 0.142, 0.2179, 0.233]",0.12,"[1, 343, 400, 821, 1238, 1345]",691.33

Minimax,Minimax,15,vertical,True,True,3,"[0.002, 0.495, 0.6103, 1.2257, 1.573, 1.3472, 1.0087, 0.8045]",0.88,"[1, 2807, 3444, 7004, 9000, 8401, 6771, 5872]",5412.5

Minimax,Minimax,11,vertical,True,True,4,"[0.002, 8.6692, 6.9177, 17.107, 27.2163, 37.7517]",16.28,"[1, 51171, 40560, 99843, 158386, 224867]",95804.67

Minimax,Random,14,vertical,True,True,5,"[8.7397, 15.7972, 30.095, 43.6898, 46.7061, 26.4793, 17.8348]",27.05,"[37410, 68056, 139766, 203261, 217319, 136148, 98745]",128672.14

Minimax,Random,10,vertical,True,True,1,"[0.0063, 0.0053, 0.0082, 0.0083, 0.0116]",0.01,"[19, 19, 37, 37, 55]",33.4

Minimax,Random,12,vertical,True,True,2,"[0.0591, 0.142, 0.062, 0.1432, 0.224, 0.183]",0.14,"[343, 828, 362, 818, 1300, 1060]",785.17

Minimax,Random,10,vertical,True,True,3,"[0.359, 0.8599, 1.0312, 1.5271, 2.068]",1.17,"[2008, 4770, 6008, 8935, 11775]",6699.2

Minimax,Minimax,15,lrd,True,True,4,"[0.002, 7.1092, 6.8667, 14.0763, 34.6755, 48.7999, 86.1201, 35.5016]",29.14,"[1, 41942, 42266, 81708, 199155, 281339, 499192, 214106]",169963.62

Minimax,Random,13,vertical,True,True,5,"[8.8383, 11.5537, 14.8685, 40.7945, 39.8055, 29.917]",24.3,"[38005, 53707, 64672, 191990, 181332, 142606]",112052.0

Minimax,Minimax,13,vertical,True,True,1,"[0.003, 0.005, 0.005, 0.009, 0.008, 0.008, 0.012]",0.01,"[1, 19, 19, 37, 37, 37, 55]",29.29

Minimax,Minimax,15,lru,True,True,2,"[0.003, 0.0628, 0.0731, 0.135, 0.213, 0.2561, 0.358, 0.287]",0.17,"[1, 343, 368, 781, 1203, 1437, 2002, 1606]",967.62

Minimax,Random,12,vertical,True,True,3,"[0.351, 0.4637, 0.612, 1.171, 1.644, 1.6565]",0.98,"[1983, 2618, 3451, 6665, 9534, 9398]",5608.17

Minimax,Random,8,horizontal,True,True,4,"[6.0625, 19.887, 21.4073, 27.0934]",18.61,"[35690, 117979, 127111, 161357]",110534.25

Minimax,Minimax,15,lru,True,True,5,"[0.002, 13.3756, 17.0442, 43.9366, 41.4708, 56.4067, 32.3384, 15.0127]",27.45,"[1, 60852, 74336, 215146, 204395, 296835, 187618, 89876]",141132.38

Minimax,Minimax,7,horizontal,True,True,1,"[0.002, 0.006, 0.006, 0.007]",0.01,"[1, 19, 19, 37]",19.0

Minimax,Random,8,horizontal,True,True,2,"[0.061, 0.136, 0.147, 0.151]",0.12,"[343, 772, 840, 930]",721.25

Minimax,Minimax,9,vertical,True,True,3,"[0.003, 0.406, 0.5026, 1.1126, 1.5049]",0.71,"[1, 2283, 2798, 6101, 8719]",3980.4

Minimax,Minimax,13,horizontal,True,True,4,"[0.003, 8.3564, 9.1306, 14.9353, 22.7662, 46.5294, 23.5551]",17.9,"[1, 49357, 54842, 86688, 131219, 267996, 142606]",104672.71

Minimax,Minimax,11,horizontal,True,True,5,"[0.002, 13.8804, 17.2587, 26.8156, 37.7071, 49.0821]",24.12,"[1, 62736, 75051, 117917, 195695, 266424]",119637.33

Minimax,Random,14,horizontal,True,True,1,"[0.005, 0.005, 0.005, 0.008, 0.008, 0.015, 0.014]",0.01,"[19, 19, 19, 37, 37, 73, 73]",39.57

Minimax,Random,12,lrd,True,True,2,"[0.061, 0.065, 0.1663, 0.1436, 0.27, 0.183]",0.15,"[343, 362, 890, 806, 1527, 1121]",841.5

Minimax,Minimax,20,vertical,True,True,3,"[0.002, 0.526, 1.0119, 2.0212, 2.228, 1.732, 1.3282, 1.2323, 1.225, 0.4611]",1.18,"[1, 2978, 5758, 11850, 12619, 9986, 7836, 8016, 8149, 3280]",7047.3

Minimax,Minimax,15,vertical,True,True,4,"[0.002, 7.1787, 9.145, 14.9615, 39.6637, 34.8089, 26.8019, 15.0284]",18.45,"[1, 42280, 53584, 86688, 227785, 202390, 157125, 92242]",107761.88

Minimax,Random,13,vertical,True,True,5,"[8.758, 14.614, 15.1184, 52.5114, 35.1494, 34.1984]",26.72,"[37410, 68762, 65900, 246864, 162817, 168878]",125105.17

Minimax,Minimax,7,horizontal,True,True,1,"[0.002, 0.005, 0.005, 0.008]",0.01,"[1, 19, 19, 37]",19.0

Minimax,Random,12,horizontal,True,True,2,"[0.06, 0.064, 0.071, 0.138, 0.16, 0.201]",0.12,"[343, 361, 400, 789, 902, 1133]",654.67

Minimax,Random,12,horizontal,True,True,3,"[0.353, 0.434, 0.6858, 1.3005, 1.8969, 2.3912]",1.18,"[1983, 2436, 3812, 7327, 10700, 13782]",6673.33

Minimax,Minimax,11,vertical,True,True,4,"[0.002, 13.3581, 8.5894, 21.778, 29.3538, 39.0469]",18.69,"[1, 78880, 51628, 126498, 168671, 227348]",108837.67

Minimax,Minimax,11,vertical,True,True,5,"[0.002, 12.2273, 13.1974, 31.6503, 77.152, 113.1386]",41.23,"[1, 55697, 65911, 148979, 404019, 633563]",218028.33

Minimax,Minimax,9,vertical,True,True,1,"[0.002, 0.006, 0.005, 0.009, 0.012]",0.01,"[1, 19, 19, 37, 55]",26.2

Minimax,Random,12,horizontal,True,True,2,"[0.061, 0.067, 0.076, 0.131, 0.174, 0.11]",0.1,"[343, 382, 364, 755, 974, 631]",574.83

Minimax,Random,15,vertical,True,True,3,"[0.3768, 0.5745, 0.9926, 0.9452, 1.5562, 0.595, 0.862]",0.84,"[2089, 3262, 5551, 5312, 9333, 4018, 5760]",5046.43

Minimax,Minimax,7,horizontal,True,True,4,"[0.003, 9.3535, 18.0508, 13.3881]",10.2,"[1, 55249, 108562, 80808]",61155.0

Minimax,Minimax,11,horizontal,True,True,5,"[0.002, 13.6018, 18.3388, 81.0831, 45.9817, 15.2283]",29.04,"[1, 61142, 79088, 363839, 232837, 88894]",137633.5

Minimax,Random,10,vertical,True,True,1,"[0.005, 0.005, 0.008, 0.009, 0.011]",0.01,"[19, 19, 37, 37, 55]",33.4

Minimax,Random,8,vertical,True,True,2,"[0.06, 0.064, 0.1512, 0.184]",0.11,"[343, 362, 856, 1063]",656.0

Minimax,Minimax,7,horizontal,True,True,3,"[0.003, 0.438, 0.44, 1.1484]",0.51,"[1, 2467, 2618, 6947]",3008.25

Minimax,Minimax,13,horizontal,True,True,4,"[0.002, 7.1084, 9.1646, 21.8209, 27.5169, 58.9106, 25.9226]",21.49,"[1, 41942, 54842, 126498, 158573, 341306, 151435]",124942.43

Minimax,Minimax,14,lru,True,True,5,"[0.003, 14.3663, 22.8865, 33.0851, 47.2781, 31.8876, 37.7002]",26.74,"[1, 63810, 106204, 153682, 248032, 180674, 217271]",138524.86

Minimax,Minimax,13,horizontal,True,True,1,"[0.002, 0.006, 0.006, 0.005, 0.008, 0.009, 0.012]",0.01,"[1, 19, 19, 19, 37, 37, 55]",26.71

Minimax,Minimax,7,horizontal,True,True,2,"[0.002, 0.06, 0.123, 0.059]",0.06,"[1, 343, 708, 361]",353.25

Minimax,Random,13,horizontal,True,True,3,"[0.3534, 0.407, 0.9955, 1.9091, 1.5792, 0.7045]",0.99,"[1983, 2285, 5706, 10756, 9200, 4794]",5787.33

Minimax,Random,18,vertical,True,True,4,"[6.0412, 7.5352, 9.1999, 26.8787, 26.6002, 52.3126, 30.2436, 23.6383, 13.5173]",21.77,"[35820, 46198, 57303, 155275, 154747, 309866, 178475, 142715, 84425]",129424.89

Minimax,Random,8,horizontal,True,True,5,"[8.7643, 12.6566, 30.6594, 45.7021]",24.45,"[37693, 60121, 149869, 241290]",122243.25

Minimax,Minimax,7,horizontal,True,True,1,"[0.003, 0.006, 0.008, 0.009]",0.01,"[1, 19, 37, 55]",28.0

Minimax,Random,12,horizontal,True,True,2,"[0.061, 0.061, 0.07, 0.152, 0.252, 0.1493]",0.12,"[343, 343, 394, 866, 1414, 840]",700.0

Minimax,Minimax,11,horizontal,True,True,3,"[0.002, 0.41, 0.463, 1.2697, 1.0746, 1.0081]",0.7,"[1, 2315, 2748, 7440, 6662, 6247]",4235.5

Minimax,Minimax,7,horizontal,True,True,4,"[0.002, 7.2453, 9.3783, 13.115]",7.44,"[1, 42608, 55955, 79435]",44499.75

Minimax,Random,10,vertical,True,True,5,"[8.7647, 13.3305, 18.4736, 83.5824, 121.6294]",49.16,"[37410, 60836, 79094, 395490, 646480]",243862.0

Minimax,Minimax,7,horizontal,True,True,1,"[0.002, 0.005, 0.006, 0.008]",0.01,"[1, 19, 19, 37]",19.0

Minimax,Random,10,vertical,True,True,2,"[0.06, 0.127, 0.136, 0.255, 0.252]",0.17,"[343, 728, 782, 1456, 1434]",948.6

Minimax,Random,12,horizontal,True,True,3,"[0.363, 0.4666, 0.577, 0.96, 1.7005, 1.1338]",0.87,"[2008, 2592, 3168, 5341, 10234, 7643]",5164.33

Minimax,Random,18,lru,True,True,4,"[5.9224, 7.8232, 6.9172, 26.681, 39.6247, 36.0839, 31.9826, 18.4855, 8.9543]",20.27,"[34907, 48155, 43213, 154759, 230215, 207457, 191960, 116914, 63016]",121177.33

Minimax,Random,16,vertical,True,True,5,"[8.8423, 15.8062, 15.2117, 39.5701, 64.0616, 56.3257, 32.7454, 14.9084]",30.93,"[38005, 68367, 64049, 188646, 325918, 295606, 181213, 91472]",156659.5

Minimax,Random,8,vertical,True,True,1,"[0.005, 0.005, 0.009, 0.013]",0.01,"[19, 19, 37, 55]",32.5

Minimax,Random,12,vertical,True,True,2,"[0.0609, 0.0606, 0.071, 0.154, 0.261, 0.259]",0.14,"[343, 344, 399, 875, 1497, 1461]",819.83

Minimax,Minimax,9,vertical,True,True,3,"[0.002, 0.4372, 0.567, 1.6825, 1.9029]",0.92,"[1, 2467, 3192, 9243, 11132]",5207.0

Minimax,Random,16,vertical,True,True,4,"[6.1945, 10.3468, 8.9199, 28.8549, 29.0499, 48.6555, 54.7996, 30.5384]",27.17,"[36580, 62173, 55633, 167646, 170989, 280347, 322346, 188121]",160479.38

Minimax,Minimax,7,horizontal,True,True,5,"[0.003, 11.6307, 23.9899, 15.7704]",12.85,"[1, 53013, 121610, 92778]",66850.5

Minimax,Random,14,vertical,True,True,1,"[0.006, 0.005, 0.009, 0.008, 0.009, 0.011, 0.014]",0.01,"[19, 19, 37, 37, 37, 55, 73]",39.57

Minimax,Minimax,9,vertical,True,True,2,"[0.002, 0.061, 0.07, 0.2175, 0.17]",0.1,"[1, 347, 398, 1260, 991]",599.4

Minimax,Minimax,14,vertical,True,True,3,"[0.002, 0.4717, 0.5619, 1.1911, 1.121, 1.0266, 1.5057]",0.84,"[1, 2678, 3196, 6637, 6405, 6426, 8904]",4892.43

Minimax,Minimax,7,horizontal,True,True,4,"[0.002, 9.0273, 21.0529, 15.8034]",11.47,"[1, 53313, 125146, 94447]",68226.75

Minimax,Random,12,lrd,True,True,5,"[8.7503, 16.3951, 31.1755, 65.9517, 62.8174, 44.4904]",38.26,"[37410, 75242, 145972, 306833, 296882, 241009]",183891.33

Minimax,Random,10,vertical,True,True,1,"[0.005, 0.005, 0.008, 0.009, 0.012]",0.01,"[19, 19, 37, 37, 55]",33.4

Minimax,Minimax,11,horizontal,True,True,2,"[0.002, 0.062, 0.076, 0.171, 0.159, 0.1264]",0.1,"[1, 348, 431, 980, 898, 705]",560.5

Minimax,Random,14,vertical,True,True,3,"[0.3543, 0.472, 0.978, 1.1947, 1.2354, 0.8664, 0.799]",0.84,"[1983, 2592, 5574, 6769, 7400, 5727, 5712]",5108.14

Minimax,Random,12,horizontal,True,True,4,"[6.1087, 7.9852, 19.4992, 34.8101, 33.135, 29.0544]",21.77,"[35820, 48247, 113524, 203010, 191622, 169105]",126888.0

Minimax,Random,13,horizontal,True,True,5,"[8.8161, 28.9628, 32.0594, 41.497, 37.5677, 26.6703]",29.26,"[38005, 132116, 145945, 194521, 193981, 153469]",143006.17

Minimax,Random,8,vertical,True,True,1,"[0.005, 0.005, 0.009, 0.011]",0.01,"[19, 19, 37, 55]",32.5

Minimax,Minimax,9,vertical,True,True,2,"[0.002, 0.068, 0.132, 0.138, 0.173]",0.1,"[1, 384, 760, 783, 1009]",587.4

Minimax,Random,10,vertical,True,True,3,"[0.383, 0.587, 0.8461, 1.2737, 1.5944]",0.94,"[2119, 3323, 4792, 7183, 8939]",5271.2

Minimax,Random,14,lrd,True,True,4,"[6.2159, 8.0169, 9.354, 26.254, 26.4421, 41.2068, 49.7057]",23.89,"[36580, 48141, 54586, 152569, 155221, 240819, 297676]",140798.86

Minimax,Random,12,horizontal,True,True,5,"[8.6915, 13.7418, 17.2052, 51.274, 46.856, 26.8529]",27.44,"[37278, 63152, 75365, 252074, 236269, 153973]",136351.83

Minimax,Random,12,vertical,True,True,1,"[0.005, 0.005, 0.005, 0.009, 0.008, 0.012]",0.01,"[19, 19, 19, 37, 37, 55]",31.0

Minimax,Random,12,horizontal,True,True,2,"[0.061, 0.1275, 0.1465, 0.2106, 0.204, 0.178]",0.15,"[343, 742, 845, 1190, 1145, 1015]",880.0

Minimax,Random,12,horizontal,True,True,3,"[0.3498, 0.4262, 1.0805, 1.063, 1.7992, 1.604]",1.05,"[1948, 2325, 6044, 5998, 10518, 9677]",6085.0

Minimax,Minimax,13,lru,True,True,4,"[0.002, 7.493, 9.5485, 21.592, 45.9845, 70.9025, 25.3996]",25.85,"[1, 44099, 57254, 125210, 265719, 408830, 153842]",150707.86

Minimax,Random,10,vertical,True,True,5,"[8.6862, 12.7605, 31.5809, 53.3106, 60.0659]",33.28,"[37278, 58764, 146434, 244902, 322126]",161900.8

Minimax,Minimax,7,horizontal,True,True,1,"[0.003, 0.006, 0.008, 0.008]",0.01,"[1, 19, 37, 37]",23.5

Minimax,Random,12,horizontal,True,True,2,"[0.063, 0.063, 0.071, 0.1551, 0.157, 0.2301]",0.12,"[344, 356, 391, 866, 872, 1276]",684.17

Minimax,Minimax,11,vertical,True,True,3,"[0.002, 0.5093, 1.0393, 1.2909, 2.3873, 1.0514]",1.05,"[1, 2807, 5794, 7290, 13526, 6615]",6005.5

Minimax,Random,16,vertical,True,True,4,"[6.2599, 7.2787, 16.4443, 19.2846, 14.9831, 21.2167, 23.778, 10.6596]",14.99,"[36411, 43456, 94994, 110099, 86803, 122589, 145238, 72049]",88954.88

Minimax,Minimax,13,vertical,True,True,5,"[0.001, 13.7272, 34.0989, 55.678, 83.8904, 49.0073, 42.1831]",39.8,"[1, 61142, 148715, 253456, 427591, 270295, 253215]",202059.29

Minimax,Random,12,lrd,True,True,1,"[0.006, 0.006, 0.009, 0.009, 0.008, 0.011]",0.01,"[19, 19, 37, 37, 37, 55]",34.0

Minimax,Minimax,13,vertical,True,True,2,"[0.002, 0.062, 0.066, 0.0789, 0.2211, 0.243, 0.1871]",0.12,"[1, 344, 350, 437, 1220, 1332, 1101]",683.57

Minimax,Random,14,horizontal,True,True,3,"[0.386, 0.951, 0.6661, 1.117, 1.779, 0.706, 0.6732]",0.9,"[2119, 5342, 3564, 6258, 10645, 4786, 4632]",5335.14

Minimax,Minimax,9,vertical,True,True,4,"[0.003, 14.0513, 30.9996, 25.2814, 35.1653]",21.1,"[1, 82014, 180367, 147310, 206259]",123190.2

Minimax,Random,14,horizontal,True,True,5,"[8.9607, 13.9257, 41.5527, 47.9401, 90.7535, 63.9295, 56.6628]",46.25,"[38005, 63152, 178994, 224025, 449345, 336806, 317068]",229627.86

Minimax,Random,10,vertical,True,True,1,"[0.006, 0.005, 0.008, 0.017, 0.016]",0.01,"[19, 19, 37, 37, 55]",33.4

Minimax,Minimax,15,lrd,True,True,2,"[0.003, 0.06, 0.069, 0.076, 0.171, 0.224, 0.247, 0.377]",0.15,"[1, 347, 383, 419, 943, 1214, 1328, 2050]",835.62

Minimax,Minimax,11,vertical,True,True,3,"[0.001, 0.444, 0.4702, 1.725, 1.9731, 1.946]",1.09,"[1, 2467, 2733, 9993, 11129, 10914]",6206.17

Minimax,Random,16,lrd,True,True,4,"[6.1138, 9.769, 22.8638, 39.5009, 30.1759, 35.3505, 32.7691, 15.3899]",23.99,"[35690, 56901, 131473, 227255, 172182, 201604, 194421, 102714]",140280.0

Minimax,Random,16,vertical,True,True,5,"[8.7263, 11.7082, 15.2763, 23.6954, 37.131, 29.7618, 36.4353, 22.8286]",23.2,"[37039, 56612, 65900, 99158, 167941, 151037, 182740, 144904]",113166.38

Minimax,Random,10,vertical,True,True,1,"[0.006, 0.006, 0.005, 0.009, 0.012]",0.01,"[19, 19, 19, 37, 55]",29.8

Minimax,Random,12,vertical,True,True,2,"[0.062, 0.0643, 0.135, 0.1581, 0.145, 0.1781]",0.12,"[344, 345, 754, 830, 813, 991]",679.5

Minimax,Random,16,vertical,True,True,3,"[0.3555, 0.42, 0.63, 1.8812, 1.2248, 1.062, 1.8213, 0.9506]",1.04,"[1948, 2325, 3512, 10610, 7287, 6539, 10569, 6696]",6185.75

Minimax,Minimax,14,vertical,True,True,4,"[0.001, 9.1157, 19.2252, 26.8444, 17.6106, 14.6915, 15.0788]",14.65,"[1, 53313, 111783, 155385, 102396, 85790, 90733]",85628.71

Minimax,Random,16,vertical,True,True,5,"[8.8483, 14.8812, 33.8063, 96.8915, 101.9452, 92.0279, 36.8954, 22.3775]",50.96,"[37693, 69387, 156583, 485462, 513773, 491250, 195196, 131437]",260097.62

Minimax,Random,8,vertical,True,True,1,"[0.005, 0.01, 0.009, 0.013]",0.01,"[19, 37, 37, 55]",37.0

Minimax,Minimax,13,horizontal,True,True,2,"[0.002, 0.061, 0.142, 0.152, 0.194, 0.328, 0.12]",0.14,"[1, 343, 815, 867, 1083, 1832, 697]",805.43

Minimax,Random,14,vertical,True,True,3,"[0.379, 0.5277, 1.4003, 1.2999, 1.4939, 2.5152, 1.5768]",1.31,"[2119, 2967, 7926, 7358, 8344, 14472, 9925]",7587.29

Minimax,Minimax,14,horizontal,True,True,4,"[0.001, 14.041, 17.5162, 37.3643, 32.7541, 14.8819, 12.7952]",18.48,"[1, 82014, 101933, 217561, 193689, 87005, 80248]",108921.57

Minimax,Minimax,11,horizontal,True,True,5,"[0.0026, 13.2276, 16.1827, 30.574, 93.8456, 48.1535]",33.66,"[1, 59353, 71020, 142912, 474157, 264992]",168739.17

Minimax,Minimax,13,vertical,True,True,1,"[0.002, 0.005, 0.005, 0.005, 0.0095, 0.01, 0.013]",0.01,"[1, 19, 19, 19, 37, 37, 55]",26.71

Minimax,Minimax,7,horizontal,True,True,2,"[0.002, 0.067, 0.061, 0.11]",0.06,"[1, 343, 350, 642]",334.0

Minimax,Random,10,vertical,True,True,3,"[0.3771, 0.471, 0.962, 1.0972, 1.7102]",0.92,"[2089, 2618, 5338, 6138, 9473]",5131.2

Minimax,Random,16,vertical,True,True,4,"[6.1305, 8.4273, 11.9606, 31.1789, 63.1365, 42.5849, 40.5492, 20.509]",28.06,"[35820, 49835, 68771, 177986, 359559, 242378, 240039, 134592]",163622.5

Minimax,Random,14,vertical,True,True,5,"[8.8507, 16.1011, 15.4932, 24.7983, 41.3801, 30.1919, 33.6122]",24.35,"[37450, 74017, 66288, 103075, 177634, 147889, 185815]",113166.86

Minimax,Random,12,horizontal,True,True,1,"[0.006, 0.005, 0.009, 0.009, 0.012, 0.013]",0.01,"[19, 19, 37, 37, 55, 73]",40.0

Minimax,Random,12,horizontal,True,True,2,"[0.063, 0.138, 0.068, 0.14, 0.201, 0.1402]",0.13,"[343, 772, 379, 770, 1097, 793]",692.33

Minimax,Random,14,horizontal,True,True,3,"[0.39, 0.5361, 0.5834, 1.5206, 1.6379, 0.9994, 0.8382]",0.93,"[2119, 3001, 3200, 8450, 9588, 6376, 5743]",5496.71

Minimax,Minimax,15,vertical,True,True,4,"[0.002, 8.5031, 9.4992, 15.1786, 24.8463, 27.5799, 41.6743, 32.1604]",19.93,"[1, 49357, 56207, 90939, 142116, 157030, 240108, 194079]",116229.62

Minimax,Minimax,11,horizontal,True,True,5,"[0.0022, 14.0382, 18.5604, 39.2551, 54.1612, 27.0553]",25.51,"[1, 62736, 79088, 174660, 281277, 156571]",125722.17

Minimax,Minimax,7,horizontal,True,True,1,"[0.0026, 0.0049, 0.0086, 0.006]",0.01,"[1, 19, 37, 37]",23.5

Minimax,Minimax,11,horizontal,True,True,2,"[0.001, 0.062, 0.068, 0.13, 0.23, 0.124]",0.1,"[1, 343, 383, 749, 1291, 703]",578.33

Minimax,Random,14,vertical,True,True,3,"[0.358, 0.522, 0.9473, 1.2181, 1.8025, 1.454, 1.2215]",1.07,"[1948, 2882, 5395, 6799, 10236, 8222, 7915]",6199.57

Minimax,Minimax,7,horizontal,True,True,4,"[0.002, 7.2034, 6.9624, 15.9346]",7.53,"[1, 41869, 42476, 93758]",44526.0

Minimax,Minimax,13,vertical,True,True,5,"[0.002, 11.712, 13.9968, 19.5903, 54.4999, 79.3113, 41.933]",31.58,"[1, 53013, 65677, 83748, 257946, 410549, 227929]",156980.43

Minimax,Minimax,7,vertical,True,True,1,"[0.002, 0.006, 0.008, 0.011]",0.01,"[1, 19, 37, 55]",28.0

Minimax,Minimax,15,vertical,True,True,2,"[0.003, 0.063, 0.066, 0.083, 0.164, 0.24, 0.1596, 0.215]",0.12,"[1, 347, 362, 451, 905, 1261, 870, 1202]",674.88

Minimax,Minimax,13,vertical,True,True,3,"[0.002, 0.519, 0.53, 0.7696, 1.222, 1.3838, 2.0258]",0.92,"[1, 2908, 2972, 4392, 6869, 7934, 12249]",5332.14

Minimax,Random,18,lru,True,True,4,"[5.9144, 8.1952, 11.7152, 25.9498, 25.4197, 26.4792, 49.0908, 32.7926, 11.6958]",21.92,"[34907, 50324, 71809, 150174, 149693, 159467, 286743, 208439, 77665]",132135.67

Minimax,Random,16,lru,True,True,5,"[8.811, 12.804, 18.6077, 42.5836, 35.9706, 29.8104, 42.1035, 16.4742]",25.9,"[37278, 60121, 79607, 197460, 185856, 157682, 243828, 103288]",133140.0

Minimax,Random,8,vertical,True,True,1,"[0.005, 0.009, 0.009, 0.012]",0.01,"[19, 37, 37, 55]",37.0

Minimax,Minimax,7,horizontal,True,True,2,"[0.002, 0.064, 0.069, 0.09]",0.06,"[1, 343, 373, 523]",310.0

Minimax,Minimax,18,vertical,True,True,3,"[0.002, 0.5063, 0.976, 1.4178, 3.7337, 1.5487, 1.7296, 1.4758, 1.0681]",1.38,"[1, 2807, 5411, 7925, 20934, 8827, 10265, 9400, 7793]",8151.44

Minimax,Minimax,13,horizontal,True,True,4,"[0.002, 8.4352, 19.093, 14.3719, 28.2228, 32.9891, 17.8992]",17.29,"[1, 49357, 113255, 82313, 161802, 188238, 106118]",100154.86

Minimax,Minimax,7,horizontal,True,True,5,"[0.003, 11.7081, 11.7718, 25.0239]",12.13,"[1, 53013, 59785, 123348]",59036.75

Minimax,Random,10,vertical,True,True,1,"[0.005, 0.006, 0.008, 0.009, 0.012]",0.01,"[19, 19, 37, 37, 55]",33.4

Minimax,Random,10,vertical,True,True,2,"[0.0739, 0.134, 0.133, 0.2094, 0.2442]",0.16,"[343, 772, 757, 1181, 1377]",886.0

Minimax,Random,16,lrd,True,True,3,"[0.3861, 0.979, 1.0497, 1.072, 1.3065, 1.4284, 1.7916, 1.1028]",1.14,"[2119, 5449, 5974, 5969, 7424, 8296, 11017, 7420]",6708.5

Minimax,Random,10,vertical,True,True,4,"[6.1684, 9.7673, 10.2396, 20.5463, 28.6701]",15.08,"[36144, 56901, 59162, 118997, 168198]",87880.4

Minimax,Random,14,vertical,True,True,5,"[8.7728, 12.4237, 16.8393, 50.0308, 35.4712, 27.0566, 20.8213]",24.49,"[37278, 59560, 74142, 245320, 180178, 153178, 125949]",125086.43

Minimax,Random,14,vertical,True,True,1,"[0.006, 0.009, 0.009, 0.009, 0.009, 0.012, 0.012]",0.01,"[19, 37, 37, 37, 37, 55, 55]",39.57

Minimax,Minimax,7,horizontal,True,True,2,"[0.002, 0.061, 0.067, 0.1]",0.06,"[1, 343, 373, 585]",325.5

Minimax,Minimax,15,vertical,True,True,3,"[0.001, 0.513, 0.5333, 1.2221, 1.0885, 0.469, 0.4774, 0.315]",0.58,"[1, 2884, 3094, 7116, 6332, 3147, 3166, 2445]",3523.12

Minimax,Random,15,vertical,True,True,4,"[6.1642, 8.2429, 18.706, 15.2492, 19.5942, 28.2826, 12.9772]",15.6,"[36144, 49296, 107976, 87932, 114643, 163005, 81781]",91539.57

Minimax,Minimax,15,vertical,True,True,5,"[0.002, 11.8999, 14.5398, 32.6763, 37.1237, 56.4592, 41.8489, 5.1143]",24.96,"[1, 54520, 68669, 152625, 189760, 310317, 251156, 33548]",132574.5

Minimax,Minimax,7,horizontal,True,True,1,"[0.003, 0.006, 0.006, 0.008]",0.01,"[1, 19, 19, 37]",19.0

Minimax,Random,12,horizontal,True,True,2,"[0.06, 0.066, 0.069, 0.167, 0.161, 0.146]",0.11,"[343, 363, 391, 941, 889, 829]",626.0

Minimax,Minimax,11,horizontal,True,True,3,"[0.002, 0.416, 0.444, 1.1191, 1.2371, 0.5786]",0.63,"[1, 2313, 2618, 6542, 7295, 3973]",3790.33

Minimax,Random,14,vertical,True,True,4,"[6.1095, 9.6687, 22.652, 46.028, 56.3205, 48.2926, 34.8937]",32.0,"[36144, 56901, 131473, 265289, 323715, 276876, 212881]",186182.71

Minimax,Random,8,horizontal,True,True,5,"[8.8105, 11.9362, 29.9232, 73.3404]",31.0,"[37278, 57507, 147518, 378700]",155250.75

Minimax,Minimax,11,vertical,True,True,1,"[0.003, 0.005, 0.005, 0.01, 0.009, 0.012]",0.01,"[1, 19, 19, 37, 37, 55]",28.0

Minimax,Random,10,vertical,True,True,2,"[0.063, 0.062, 0.078, 0.1398, 0.195]",0.11,"[343, 343, 373, 786, 1118]",592.6

Minimax,Minimax,13,horizontal,True,True,3,"[0.002, 0.5275, 0.6081, 1.2557, 1.0753, 1.425, 1.1637]",0.87,"[1, 2902, 3381, 7072, 6057, 8418, 7524]",5050.71

Minimax,Minimax,13,vertical,True,True,4,"[0.001, 7.8996, 8.8996, 22.7684, 24.5876, 41.9831, 24.6274]",18.68,"[1, 46111, 51466, 130892, 141782, 244408, 148561]",109031.57

Minimax,Minimax,9,vertical,True,True,5,"[0.002, 13.3798, 33.4472, 45.6652, 92.0166]",36.9,"[1, 60852, 152707, 220657, 492783]",185400.0

Minimax,Minimax,7,horizontal,True,True,1,"[0.002, 0.005, 0.005, 0.008]",0.01,"[1, 19, 19, 37]",19.0

Minimax,Random,14,vertical,True,True,2,"[0.0611, 0.137, 0.071, 0.132, 0.187, 0.166, 0.196]",0.14,"[343, 776, 397, 750, 1044, 905, 1090]",757.86

Minimax,Random,10,vertical,True,True,3,"[0.383, 0.421, 0.623, 0.9651, 1.7996]",0.84,"[2119, 2371, 3472, 5388, 10257]",4721.4

Minimax,Random,8,horizontal,True,True,4,"[6.1868, 10.3776, 14.2079, 14.9007]",11.42,"[36580, 62173, 86785, 88037]",68393.75

Minimax,Minimax,17,lru,True,True,5,"[0.002, 14.3624, 17.0848, 22.7478, 52.1294, 54.4653, 47.136, 30.7587, 15.6507]",28.26,"[1, 63810, 74336, 103306, 251913, 289024, 255615, 197968, 108837]",149423.33

Minimax,Minimax,11,vertical,True,True,1,"[0.002, 0.005, 0.005, 0.009, 0.0082, 0.015]",0.01,"[1, 19, 19, 37, 37, 73]",31.0

Minimax,Minimax,9,horizontal,True,True,2,"[0.002, 0.075, 0.129, 0.213, 0.058]",0.1,"[1, 344, 733, 1203, 361]",528.4

Minimax,Random,16,vertical,True,True,3,"[0.3787, 0.5624, 1.074, 0.9278, 1.13, 0.9655, 0.644, 1.3359]",0.88,"[2063, 3114, 5949, 5101, 6558, 6062, 4149, 8563]",5194.88

Minimax,Minimax,13,vertical,True,True,4,"[0.002, 8.7563, 6.8889, 22.0631, 29.6002, 28.7917, 19.8848]",16.57,"[1, 51171, 39833, 126534, 170100, 166324, 122871]",96690.57

Minimax,Minimax,9,vertical,True,True,5,"[0.002, 11.9163, 15.6307, 47.5926, 61.9541]",27.42,"[1, 54520, 69634, 228906, 310751]",132762.4

Minimax,Random,10,vertical,True,True,1,"[0.006, 0.006, 0.005, 0.009, 0.015]",0.01,"[19, 19, 19, 37, 73]",33.4

Minimax,Random,12,horizontal,True,True,2,"[0.064, 0.066, 0.211, 0.139, 0.178, 0.163]",0.14,"[344, 363, 1187, 768, 975, 907]",757.33

Minimax,Random,10,vertical,True,True,3,"[0.3805, 0.9743, 0.9641, 1.1111, 2.0657]",1.1,"[2063, 5451, 5324, 6127, 11618]",6116.6

Minimax,Random,16,vertical,True,True,4,"[6.2582, 9.1499, 9.2819, 26.289, 38.14, 24.2565, 40.3705, 12.9159]",20.83,"[36580, 54787, 54136, 152569, 218770, 145512, 240063, 88657]",123884.25

Minimax,Minimax,11,vertical,True,True,5,"[0.001, 11.8368, 14.4915, 29.4076, 51.5015, 65.8887]",28.85,"[1, 52704, 70170, 138863, 271294, 374236]",151211.33

Minimax,Minimax,7,horizontal,True,True,1,"[0.002, 0.005, 0.005, 0.007]",0.0,"[1, 19, 19, 37]",19.0

Minimax,Random,12,horizontal,True,True,2,"[0.062, 0.063, 0.071, 0.156, 0.244, 0.193]",0.13,"[343, 344, 400, 866, 1338, 1077]",728.0

Minimax,Random,18,lru,True,True,3,"[0.364, 0.4239, 0.585, 1.2496, 1.5085, 1.7895, 1.6165, 0.943, 0.587]",1.01,"[1983, 2347, 3236, 6957, 8652, 10588, 9420, 5722, 3707]",5845.78

Minimax,Minimax,7,horizontal,True,True,4,"[0.0021, 7.1987, 6.5905, 16.0322]",7.46,"[1, 41942, 40116, 93850]",43977.25

Minimax,Random,10,vertical,True,True,5,"[8.7291, 11.6969, 15.2772, 57.833, 41.4666]",27.0,"[37039, 56612, 65900, 271605, 187607]",123752.6

Minimax,Random,10,vertical,True,True,1,"[0.006, 0.006, 0.0107, 0.0079, 0.0115]",0.01,"[19, 19, 37, 37, 55]",33.4

Minimax,Minimax,7,horizontal,True,True,2,"[0.0026, 0.0616, 0.1411, 0.15]",0.09,"[1, 343, 805, 865]",503.5

Minimax,Minimax,9,vertical,True,True,3,"[0.002, 0.425, 0.504, 0.949, 1.197]",0.62,"[1, 2315, 2938, 5245, 7096]",3519.0

Minimax,Random,16,vertical,True,True,4,"[6.2779, 18.8151, 10.8392, 17.2134, 15.2746, 14.5032, 25.0658, 18.6462]",15.83,"[36580, 110478, 62551, 98740, 88175, 84549, 150702, 122310]",94260.62

Minimax,Random,12,vertical,True,True,5,"[8.8393, 28.9946, 34.9526, 106.8413, 75.6235, 61.117]",52.73,"[38005, 132116, 160167, 513317, 391054, 357317]",265329.33

Minimax,Random,12,horizontal,True,True,1,"[0.005, 0.009, 0.012, 0.015, 0.012, 0.009]",0.01,"[19, 37, 55, 73, 55, 55]",49.0

Minimax,Minimax,11,vertical,True,True,2,"[0.002, 0.127, 0.063, 0.0753, 0.1483, 0.189]",0.1,"[1, 724, 354, 419, 818, 1056]",562.0

Minimax,Random,12,horizontal,True,True,3,"[0.3832, 1.0049, 1.0349, 1.3456, 1.0309, 0.5794]",0.9,"[2089, 5610, 5712, 7543, 5929, 3805]",5114.67

Minimax,Random,16,lrd,True,True,4,"[6.2514, 7.8382, 14.7416, 30.213, 50.3046, 69.714, 30.1376, 25.4812]",29.34,"[36144, 46606, 85198, 173457, 288836, 399284, 178995, 157000]",170690.0

Minimax,Random,12,lrd,True,True,5,"[8.8776, 13.9349, 41.5606, 54.6072, 71.6742, 67.035]",42.95,"[37410, 63152, 178994, 264639, 324566, 381728]",208414.83

Minimax,Minimax,11,vertical,True,True,1,"[0.002, 0.005, 0.006, 0.005, 0.009, 0.011]",0.01,"[1, 19, 19, 19, 37, 55]",25.0

Minimax,Random,8,horizontal,True,True,2,"[0.063, 0.07, 0.151, 0.147]",0.11,"[344, 377, 852, 861]",608.5

Minimax,Random,10,vertical,True,True,3,"[0.3794, 0.6168, 1.4802, 2.115, 2.8163]",1.48,"[2089, 3427, 8465, 12232, 15998]",8442.2

Minimax,Random,14,lrd,True,True,4,"[6.1418, 7.7586, 15.4141, 13.8459, 25.4123, 24.3816, 11.3534]",14.9,"[35690, 46067, 88999, 79682, 148066, 143163, 71538]",87600.71

Minimax,Random,10,vertical,True,True,5,"[8.8601, 16.0175, 27.7848, 53.1088, 54.0452]",31.96,"[37450, 68056, 127876, 246864, 273471]",150743.4

Minimax,Minimax,7,horizontal,True,True,1,"[0.002, 0.006, 0.008, 0.01]",0.01,"[1, 19, 37, 55]",28.0

Minimax,Random,12,horizontal,True,True,2,"[0.063, 0.063, 0.07, 0.16, 0.1929, 0.194]",0.12,"[343, 344, 383, 896, 1058, 1081]",684.17

Minimax,Random,12,horizontal,True,True,3,"[0.371, 0.473, 0.608, 1.3111, 1.4834, 1.183]",0.9,"[1983, 2592, 3378, 7327, 8509, 7075]",5144.0

Minimax,Random,14,vertical,True,True,4,"[5.9743, 7.7508, 9.619, 13.818, 16.1774, 31.9408, 37.239]",17.5,"[34907, 46067, 55395, 79649, 94079, 183204, 222282]",102226.14

Minimax,Minimax,15,lrd,True,True,5,"[0.002, 14.2714, 33.9676, 60.873, 40.49, 39.5559, 29.8039, 23.8821]",30.36,"[1, 63145, 147769, 280886, 206986, 202386, 174274, 159719]",154395.75

Minimax,Minimax,9,vertical,True,True,1,"[0.002, 0.004, 0.005, 0.012, 0.011]",0.01,"[1, 19, 19, 55, 55]",29.8

Minimax,Random,12,vertical,True,True,2,"[0.061, 0.066, 0.1443, 0.1412, 0.295, 0.229]",0.16,"[344, 363, 805, 777, 1674, 1303]",877.67

Minimax,Random,12,horizontal,True,True,3,"[0.39, 0.9921, 1.0741, 1.8655, 1.7466, 1.5411]",1.27,"[2119, 5581, 5890, 10449, 10428, 9170]",7272.83

Minimax,Minimax,9,vertical,True,True,4,"[0.0025, 7.2883, 10.5892, 24.6595, 41.8547]",16.88,"[1, 42396, 61352, 141547, 240257]",97110.6

Minimax,Minimax,15,vertical,True,True,5,"[0.002, 14.1992, 26.9649, 24.224, 35.4765, 59.9528, 36.3564, 21.7772]",27.37,"[1, 62738, 121473, 108038, 184092, 344074, 222739, 152740]",149486.88

Minimax,Random,12,vertical,True,True,1,"[0.005, 0.005, 0.006, 0.0085, 0.0115, 0.0126]",0.01,"[19, 19, 19, 37, 55, 55]",34.0

Minimax,Random,12,horizontal,True,True,2,"[0.0612, 0.067, 0.141, 0.171, 0.155, 0.194]",0.13,"[344, 377, 748, 965, 870, 1096]",733.33

Minimax,Minimax,13,vertical,True,True,3,"[0.002, 0.509, 0.543, 1.2226, 1.4499, 1.3121, 1.4248]",0.92,"[1, 2863, 3064, 6865, 8170, 7359, 8301]",5231.86

Minimax,Minimax,13,vertical,True,True,4,"[0.002, 7.1168, 6.3476, 13.8313, 32.1106, 30.5221, 52.5775]",20.36,"[1, 41869, 38831, 79649, 183927, 176768, 308556]",118514.43

Minimax,Minimax,7,vertical,True,True,5,"[0.002, 13.7125, 49.2039, 29.373]",23.07,"[1, 61150, 225885, 134641]",105419.25

Minimax,Random,8,vertical,True,True,1,"[0.005, 0.005, 0.009, 0.011]",0.01,"[19, 19, 37, 55]",32.5

Minimax,Minimax,9,vertical,True,True,2,"[0.002, 0.066, 0.0689, 0.1562, 0.17]",0.09,"[1, 369, 384, 883, 991]",525.6

Minimax,Random,8,vertical,True,True,3,"[0.376, 0.528, 1.6917, 2.3644]",1.24,"[2089, 2967, 9553, 13561]",7042.5

Minimax,Minimax,17,lru,True,True,4,"[0.002, 8.3615, 9.3409, 13.4943, 26.4766, 28.7611, 35.9743, 18.9561, 8.7234]",16.68,"[1, 49214, 55795, 81953, 152418, 167197, 209833, 119594, 59365]",99485.56

Minimax,Random,16,vertical,True,True,5,"[8.843, 15.848, 31.8959, 60.886, 71.8457, 30.3283, 54.7799, 51.3702]",40.72,"[38005, 68367, 144350, 296295, 372319, 160745, 299375, 308613]",211008.62

Minimax,Minimax,7,horizontal,True,True,1,"[0.002, 0.005, 0.005, 0.007]",0.0,"[1, 19, 19, 37]",19.0

Minimax,Random,12,horizontal,True,True,2,"[0.062, 0.138, 0.127, 0.138, 0.178, 0.155]",0.13,"[343, 788, 725, 769, 982, 881]",748.0

Minimax,Random,13,vertical,True,True,3,"[0.351, 0.49, 0.5731, 1.2995, 1.5199, 1.4396]",0.95,"[1948, 2777, 3218, 7319, 8742, 8222]",5371.0

Minimax,Minimax,15,vertical,True,True,4,"[0.002, 9.4172, 14.5015, 23.0531, 24.826, 31.9494, 27.2592, 24.1212]",19.39,"[1, 55249, 85944, 138671, 142401, 182407, 158752, 142974]",113299.88

Minimax,Minimax,19,vertical,True,True,5,"[0.002, 11.7585, 15.5261, 30.2839, 71.1063, 59.3996, 68.5512, 55.0126, 31.7668, 11.311]",35.47,"[1, 54905, 69634, 142912, 366827, 324854, 396426, 324915, 194176, 77826]",195247.6

Minimax,Minimax,11,vertical,True,True,1,"[0.002, 0.006, 0.006, 0.008, 0.008, 0.015]",0.01,"[1, 19, 19, 37, 37, 73]",31.0

Minimax,Random,10,vertical,True,True,2,"[0.061, 0.062, 0.066, 0.22, 0.194]",0.12,"[344, 345, 364, 1254, 1103]",682.0

Minimax,Random,14,horizontal,True,True,3,"[0.361, 0.443, 0.9819, 1.385, 1.4856, 2.5107, 1.9599]",1.3,"[2008, 2468, 5636, 7801, 8541, 14731, 12112]",7613.86

Minimax,Minimax,11,vertical,True,True,4,"[0.002, 8.867, 16.4023, 26.7354, 61.0701, 48.4777]",26.93,"[1, 52177, 96938, 156901, 349060, 280034]",155851.83

Minimax,Minimax,15,horizontal,True,True,5,"[0.002, 12.4466, 15.4029, 50.5807, 36.7611, 34.055, 46.0078, 17.8043]",26.63,"[1, 56210, 68755, 250141, 190638, 180376, 262746, 117754]",140827.62

Minimax,Minimax,7,vertical,True,True,1,"[0.002, 0.005, 0.007, 0.011]",0.01,"[1, 19, 37, 55]",28.0

Minimax,Minimax,11,horizontal,True,True,2,"[0.002, 0.07, 0.133, 0.135, 0.253, 0.119]",0.12,"[1, 353, 735, 756, 1438, 667]",658.33

Minimax,Minimax,7,horizontal,True,True,3,"[0.002, 0.42, 0.502, 1.1899]",0.53,"[1, 2314, 2938, 7114]",3091.75

Minimax,Minimax,7,horizontal,True,True,4,"[0.003, 8.7993, 9.7617, 10.3393]",7.23,"[1, 51171, 57390, 61711]",42568.25

Minimax,Minimax,7,horizontal,True,True,1,"[0.002, 0.0057, 0.0085, 0.0078]",0.01,"[1, 19, 37, 37]",23.5

Minimax,Minimax,11,horizontal,True,True,2,"[0.0026, 0.0602, 0.072, 0.146, 0.178, 0.222]",0.11,"[1, 343, 404, 834, 1002, 1263]",641.17

Minimax,Minimax,13,horizontal,True,True,3,"[0.003, 0.474, 0.618, 1.0023, 1.112, 0.8998, 0.781]",0.7,"[1, 2678, 3476, 5410, 6809, 6112, 5521]",4286.71

Minimax,Minimax,11,horizontal,True,True,4,"[0.002, 8.8049, 15.1966, 25.0058, 22.1979, 10.5965]",13.63,"[1, 51171, 88290, 144019, 129193, 63040]",79285.67

